,Value
2026-05-05 08:51:54,5.201046943664551
2026-05-05 08:51:55,4.872000694274902
2026-05-05 08:51:56,5.142712116241455
2026-05-05 08:51:58,4.8729119300842285
2026-05-05 08:51:59,5.203781604766846
2026-05-05 08:52:00,4.869266033172607
2026-05-05 08:52:01,5.198312282562256
2026-05-05 08:52:02,4.87108850479126
2026-05-05 08:52:09,4.870177268981934
2026-05-05 08:52:10,5.136331558227539
2026-05-05 08:52:11,4.870177268981934
2026-05-05 08:52:12,5.167322158813477
2026-05-05 08:52:13,4.869266033172607
2026-05-05 08:52:15,5.0925798416137695
2026-05-05 08:52:16,4.870177268981934
2026-05-05 08:52:17,5.096226692199707
2026-05-05 08:52:18,4.87108850479126
2026-05-05 08:52:20,5.091668605804443
2026-05-05 08:52:21,4.87108850479126
2026-05-05 08:52:24,5.098959922790527
2026-05-05 08:52:25,4.8729119300842285
2026-05-05 08:52:27,5.071615695953369
2026-05-05 08:52:30,4.87108850479126
2026-05-05 08:52:41,4.87838077545166
2026-05-05 08:52:42,5.152738094329834
2026-05-05 08:52:43,4.8802032470703125
2026-05-05 08:52:44,5.186462879180908
2026-05-05 08:52:45,4.87838077545166
2026-05-05 08:52:47,5.119924545288086
2026-05-05 08:52:48,4.870177268981934
2026-05-05 08:52:49,5.185551643371582
2026-05-05 08:52:50,4.868354797363281
2026-05-05 08:52:51,5.151826858520508
2026-05-05 08:52:53,4.870177268981934
2026-05-05 08:53:03,4.873823165893555
2026-05-05 08:53:04,5.121747970581055
2026-05-05 08:53:05,4.872000694274902
2026-05-05 08:53:06,5.217453479766846
2026-05-05 08:53:07,4.870177268981934
2026-05-05 08:53:08,5.185551643371582
2026-05-05 08:53:09,4.870177268981934
2026-05-05 08:53:10,5.184640407562256
2026-05-05 08:53:11,4.869266033172607
2026-05-05 08:53:12,5.172791004180908
2026-05-05 08:53:13,4.869266033172607
2026-05-05 08:53:14,5.170056343078613
2026-05-05 08:53:15,4.870177268981934
2026-05-05 08:53:16,5.162764072418213
2026-05-05 08:53:17,4.869266033172607
2026-05-05 08:53:18,5.148180961608887
2026-05-05 08:53:19,4.87655782699585
2026-05-05 08:53:28,4.869266033172607
2026-05-05 08:53:29,5.180994033813477
2026-05-05 08:53:30,4.869266033172607
2026-05-05 08:53:31,5.15911865234375
2026-05-05 08:53:32,4.868354797363281
2026-05-05 08:53:34,5.176436901092529
2026-05-05 08:53:36,4.868354797363281
2026-05-05 08:53:48,4.873823165893555
2026-05-05 08:53:51,5.160030364990234
2026-05-05 08:53:52,4.872000694274902
2026-05-05 08:53:53,5.195577621459961
2026-05-05 08:53:54,4.872000694274902
2026-05-05 08:53:55,5.2028703689575195
2026-05-05 08:53:56,4.87838077545166
2026-05-05 08:53:57,5.191932201385498
2026-05-05 08:53:58,4.881115436553955
2026-05-05 08:54:00,5.034245014190674
2026-05-05 08:54:04,4.8792924880981445
2026-05-05 08:54:05,5.138154029846191
2026-05-05 08:54:06,4.868354797363281
2026-05-05 08:54:07,5.15364933013916
2026-05-05 08:54:08,4.867443084716797
2026-05-05 08:54:09,5.160030364990234
2026-05-05 08:54:10,4.867443084716797
2026-05-05 08:54:11,5.187375068664551
2026-05-05 08:54:12,4.869266033172607
2026-05-05 08:54:13,5.170968055725098
2026-05-05 08:54:14,4.870177268981934
2026-05-05 08:54:24,4.873823165893555
2026-05-05 08:54:25,5.135419845581055
2026-05-05 08:54:26,4.8729119300842285
2026-05-05 08:54:27,5.1609416007995605
2026-05-05 08:54:28,4.8729119300842285
2026-05-05 08:54:29,5.165498733520508
2026-05-05 08:54:31,4.8729119300842285
2026-05-05 08:54:32,5.168233394622803
2026-05-05 08:54:33,4.87108850479126
2026-05-05 08:54:34,5.162764072418213
2026-05-05 08:54:35,4.874735355377197
2026-05-05 08:54:40,5.108075141906738
2026-05-05 08:54:42,4.8665313720703125
2026-05-05 08:54:43,5.193755149841309
2026-05-05 08:54:44,4.8656206130981445
2026-05-05 08:54:45,5.155472755432129
2026-05-05 08:54:48,4.864708423614502
2026-05-05 08:54:53,4.873823165893555
2026-05-05 08:54:54,5.171878814697266
2026-05-05 08:54:55,4.872000694274902
2026-05-05 08:54:56,5.183728218078613
2026-05-05 08:54:57,4.87108850479126
2026-05-05 08:54:58,5.179171562194824
2026-05-05 08:54:59,4.870177268981934
2026-05-05 08:55:00,5.172791004180908
2026-05-05 08:55:01,4.873823165893555
2026-05-05 08:55:06,4.869266033172607
2026-05-05 08:55:07,5.182817459106445
2026-05-05 08:55:08,4.867443084716797
2026-05-05 08:55:09,5.201958179473877
2026-05-05 08:55:10,4.8665313720703125
2026-05-05 08:55:11,5.218365669250488
2026-05-05 08:55:12,4.863797187805176
2026-05-05 08:55:13,5.141800880432129
2026-05-05 08:55:14,4.867443084716797
2026-05-05 08:55:15,5.167322158813477
2026-05-05 08:55:16,4.867443084716797
2026-05-05 08:55:17,5.093492031097412
2026-05-05 08:55:21,4.929424285888672
2026-05-05 08:55:25,4.874735355377197
2026-05-05 08:55:26,5.12083625793457
2026-05-05 08:55:27,4.885672569274902
2026-05-05 08:55:28,5.190108776092529
2026-05-05 08:55:29,4.8792924880981445
2026-05-05 08:55:30,5.185551643371582
2026-05-05 08:55:31,4.88385009765625
2026-05-05 08:55:32,5.160030364990234
2026-05-05 08:55:33,4.882026672363281
2026-05-05 08:55:34,5.106252670288086
2026-05-05 08:55:38,4.87838077545166
2026-05-05 08:55:43,5.1746134757995605
2026-05-05 08:55:44,4.864708423614502
2026-05-05 08:55:45,5.214719772338867
2026-05-05 08:55:46,4.864708423614502
2026-05-05 08:55:47,5.201958179473877
2026-05-05 08:55:48,4.864708423614502
2026-05-05 08:55:50,4.8665313720703125
2026-05-05 08:55:51,5.187375068664551
2026-05-05 08:55:52,4.864708423614502
2026-05-05 08:55:53,5.157296180725098
2026-05-05 08:55:54,4.864708423614502
2026-05-05 08:55:55,5.199223518371582
2026-05-05 08:55:56,4.864708423614502
2026-05-05 08:55:57,5.184640407562256
2026-05-05 08:55:58,4.863797187805176
2026-05-05 08:55:59,5.183728218078613
2026-05-05 08:56:00,4.8656206130981445
2026-05-05 08:56:01,5.070704460144043
2026-05-05 08:56:16,4.87655782699585
2026-05-05 08:56:21,4.87655782699585
2026-05-05 08:56:22,5.213807582855225
2026-05-05 08:56:24,4.881115436553955
2026-05-05 08:56:28,5.118102073669434
2026-05-05 08:56:32,4.874735355377197
2026-05-05 08:56:33,5.184640407562256
2026-05-05 08:56:34,4.87108850479126
2026-05-05 08:56:51,4.8656206130981445
2026-05-05 08:56:52,5.167322158813477
2026-05-05 08:56:54,4.867443084716797
2026-05-05 08:56:56,5.194666862487793
2026-05-05 08:56:57,4.863797187805176
2026-05-05 08:57:00,5.1636762619018555
2026-05-05 08:57:01,4.8656206130981445
2026-05-05 08:57:03,5.1773481369018555
2026-05-05 08:57:04,4.8656206130981445
2026-05-05 08:57:07,5.160030364990234
2026-05-05 08:57:08,4.864708423614502
2026-05-05 08:57:09,5.220188140869141
2026-05-05 08:57:11,5.195577621459961
2026-05-05 08:57:12,4.8656206130981445
2026-05-05 08:57:13,5.222011089324951
2026-05-05 08:57:14,4.864708423614502
2026-05-05 08:57:25,5.11901330947876
2026-05-05 08:57:59,4.8665313720703125
2026-05-05 08:58:00,5.155472755432129
2026-05-05 08:58:01,4.8665313720703125
2026-05-05 08:58:03,5.064323902130127
2026-05-05 08:58:08,5.119924545288086
2026-05-05 08:58:09,4.8802032470703125
2026-05-05 08:58:12,5.217453479766846
2026-05-05 08:58:23,4.87108850479126
2026-05-05 08:58:59,4.872000694274902
2026-05-05 08:59:15,5.185551643371582
2026-05-05 08:59:18,4.868354797363281
2026-05-05 08:59:19,5.162764072418213
2026-05-05 08:59:20,4.870177268981934
2026-05-05 08:59:21,5.124482154846191
2026-05-05 08:59:25,4.87108850479126
2026-05-05 08:59:30,5.182817459106445
2026-05-05 08:59:31,4.870177268981934
2026-05-05 08:59:36,5.103518009185791
2026-05-05 08:59:40,4.8729119300842285
2026-05-05 08:59:43,5.129039287567139
2026-05-05 08:59:46,4.868354797363281
2026-05-05 08:59:48,5.156383991241455
2026-05-05 08:59:51,4.869266033172607
2026-05-05 09:02:45,4.864708423614502
2026-05-05 09:02:47,5.158206939697266
2026-05-05 09:02:50,4.868354797363281
2026-05-05 09:03:36,4.867443084716797
2026-05-05 09:03:38,5.1144561767578125
2026-05-05 09:03:39,4.8656206130981445
2026-05-05 09:03:42,5.186462879180908
2026-05-05 09:03:45,4.864708423614502
2026-05-05 09:03:46,5.23750638961792
2026-05-05 09:03:47,4.8656206130981445
2026-05-05 09:03:56,4.872000694274902
2026-05-05 09:03:57,5.131773948669434
2026-05-05 09:03:58,4.87108850479126
2026-05-05 09:04:02,5.181905746459961
2026-05-05 09:04:06,4.882937908172607
2026-05-05 09:05:26,5.009634971618652
2026-05-05 09:05:30,5.158206939697266
2026-05-05 09:05:32,4.868354797363281
2026-05-05 09:05:35,5.168233394622803
2026-05-05 09:05:39,4.872000694274902
2026-05-05 09:05:42,4.870177268981934
2026-05-05 09:05:43,5.150003433227539
2026-05-05 09:05:45,4.869266033172607
2026-05-05 09:05:51,5.138154029846191
2026-05-05 09:05:52,4.870177268981934
2026-05-05 09:05:53,5.152738094329834
2026-05-05 09:05:54,4.870177268981934
2026-05-05 09:05:55,5.087111473083496
2026-05-05 09:06:06,4.873823165893555
2026-05-05 09:06:50,4.869266033172607
2026-05-05 09:06:51,5.110809326171875
2026-05-05 09:06:55,4.869266033172607
2026-05-05 09:06:56,5.146357536315918
2026-05-05 09:06:59,4.868354797363281
2026-05-05 09:07:06,5.150915622711182
2026-05-05 09:07:08,4.869266033172607
2026-05-05 09:07:19,4.875646591186523
2026-05-05 09:07:20,5.154561519622803
2026-05-05 09:07:22,4.872000694274902
2026-05-05 09:07:26,5.098959922790527
2026-05-05 09:07:29,4.87108850479126
2026-05-05 09:07:32,5.156383991241455
2026-05-05 09:07:34,4.8792924880981445
2026-05-05 09:07:35,5.147269248962402
2026-05-05 09:07:36,4.864708423614502
2026-05-05 09:07:47,4.8656206130981445
2026-05-05 09:07:50,5.135419845581055
2026-05-05 09:07:57,4.892964839935303
2026-05-05 09:08:00,5.136331558227539
2026-05-05 09:08:01,4.870177268981934
2026-05-05 09:08:02,5.098959922790527
2026-05-05 09:08:03,4.870177268981934
2026-05-05 09:08:04,5.152738094329834
2026-05-05 09:08:07,4.87108850479126
2026-05-05 09:08:14,5.066147327423096
2026-05-05 09:08:20,4.8665313720703125
2026-05-05 09:08:21,5.152738094329834
2026-05-05 09:08:24,4.863797187805176
2026-05-05 09:08:37,5.084377288818359
2026-05-05 09:08:38,4.872000694274902
2026-05-05 09:08:41,5.129951477050781
2026-05-05 09:08:44,4.874735355377197
2026-05-05 09:08:50,4.8656206130981445
2026-05-05 09:08:51,5.131773948669434
2026-05-05 09:08:53,4.863797187805176
2026-05-05 09:08:56,5.154561519622803
2026-05-05 09:08:59,4.91848611831665
2026-05-05 09:09:03,4.8729119300842285
2026-05-05 09:09:05,5.190108776092529
2026-05-05 09:09:07,4.8802032470703125
2026-05-05 09:09:16,5.10534143447876
2026-05-05 09:09:19,4.863797187805176
2026-05-05 09:09:25,4.87108850479126
2026-05-05 09:09:26,5.176436901092529
2026-05-05 09:09:29,4.87108850479126
2026-05-05 09:09:36,4.8656206130981445
2026-05-05 09:09:37,5.098049163818359
2026-05-05 09:09:39,4.864708423614502
2026-05-05 09:09:42,5.167322158813477
2026-05-05 09:09:44,4.864708423614502
2026-05-05 09:09:50,5.082553863525391
2026-05-05 09:09:54,5.156383991241455
2026-05-05 09:09:57,4.869266033172607
2026-05-05 09:10:41,5.021484375
2026-05-05 09:10:46,4.8792924880981445
2026-05-05 09:10:47,5.168233394622803
2026-05-05 09:10:49,4.8729119300842285
2026-05-05 09:10:53,5.207427024841309
2026-05-05 09:10:54,4.87108850479126
2026-05-05 09:11:01,4.8665313720703125
2026-05-05 09:11:02,5.167322158813477
2026-05-05 09:11:04,4.868354797363281
2026-05-05 09:11:06,5.167322158813477
2026-05-05 09:11:07,4.868354797363281
2026-05-05 09:11:15,4.869266033172607
2026-05-05 09:11:17,5.140888690948486
2026-05-05 09:11:19,5.169145584106445
2026-05-05 09:11:20,4.868354797363281
2026-05-05 09:11:21,5.150915622711182
2026-05-05 09:11:22,4.882026672363281
2026-05-05 09:11:23,5.108075141906738
2026-05-05 09:11:28,4.87108850479126
2026-05-05 09:11:36,5.138154029846191
2026-05-05 09:11:39,4.8665313720703125
2026-05-05 09:11:46,5.089845180511475
2026-05-05 09:11:48,4.87108850479126
2026-05-05 09:11:50,5.193755149841309
2026-05-05 09:11:52,4.869266033172607
2026-05-05 09:11:56,5.016926288604736
2026-05-05 09:12:01,5.019660949707031
2026-05-05 09:12:04,5.12083625793457
2026-05-05 09:12:05,4.867443084716797
2026-05-05 09:12:07,5.112632751464844
2026-05-05 09:12:10,4.867443084716797
2026-05-05 09:12:12,5.022395610809326
2026-05-05 09:12:25,4.872000694274902
2026-05-05 09:12:26,5.162764072418213
2026-05-05 09:12:28,4.868354797363281
2026-05-05 09:12:29,5.15911865234375
2026-05-05 09:12:30,4.869266033172607
2026-05-05 09:12:31,5.175525665283203
2026-05-05 09:12:33,4.872000694274902
2026-05-05 09:12:37,4.877470016479492
2026-05-05 09:12:38,5.155472755432129
2026-05-05 09:12:40,4.8665313720703125
2026-05-05 09:12:41,5.152738094329834
2026-05-05 09:12:43,4.867443084716797
2026-05-05 09:12:44,5.102606773376465
2026-05-05 09:12:47,4.948565483093262
2026-05-05 09:12:52,5.102606773376465
2026-05-05 09:12:53,4.869266033172607
2026-05-05 09:12:54,5.172791004180908
2026-05-05 09:12:56,4.881115436553955
2026-05-05 09:13:02,4.867443084716797
2026-05-05 09:13:03,5.131773948669434
2026-05-05 09:13:04,4.867443084716797
2026-05-05 09:13:05,5.130862712860107
2026-05-05 09:13:09,4.867443084716797
2026-05-05 09:13:14,4.87108850479126
2026-05-05 09:13:15,5.152738094329834
2026-05-05 09:13:17,4.870177268981934
2026-05-05 09:13:20,5.052474498748779
2026-05-05 09:13:24,4.87838077545166
2026-05-05 09:13:25,5.147269248962402
2026-05-05 09:13:27,4.86288595199585
2026-05-05 09:13:28,5.179171562194824
2026-05-05 09:13:29,4.8665313720703125
2026-05-05 09:13:36,4.870177268981934
2026-05-05 09:13:37,5.178260326385498
2026-05-05 09:13:39,4.872000694274902
2026-05-05 09:13:41,5.169145584106445
2026-05-05 09:13:42,4.87108850479126
2026-05-05 09:13:48,4.868354797363281
2026-05-05 09:13:49,5.168233394622803
2026-05-05 09:13:51,4.867443084716797
2026-05-05 09:13:52,5.100783348083496
2026-05-05 09:13:53,4.8665313720703125
2026-05-05 09:13:55,5.013280868530273
2026-05-05 09:14:00,4.870177268981934
2026-05-05 09:14:01,5.118102073669434
2026-05-05 09:14:02,4.867443084716797
2026-05-05 09:14:05,5.14544677734375
2026-05-05 09:14:07,4.986847877502441
2026-05-05 09:14:12,4.864708423614502
2026-05-05 09:14:13,5.143623352050781
2026-05-05 09:14:14,4.875646591186523
2026-05-05 09:14:15,5.108075141906738
2026-05-05 09:14:16,4.86288595199585
2026-05-05 09:14:17,5.10534143447876
2026-05-05 09:14:20,4.933070182800293
2026-05-05 09:14:24,5.103518009185791
2026-05-05 09:14:26,4.881115436553955
2026-05-05 09:14:27,5.148180961608887
2026-05-05 09:14:28,4.882026672363281
2026-05-05 09:14:29,5.148180961608887
2026-05-05 09:14:30,4.867443084716797
2026-05-05 09:14:31,5.082553863525391
2026-05-05 09:14:40,4.868354797363281
2026-05-05 09:14:42,5.178260326385498
2026-05-05 09:14:43,4.861973762512207
2026-05-05 09:14:44,5.147269248962402
2026-05-05 09:14:45,4.863797187805176
2026-05-05 09:14:47,5.129039287567139
2026-05-05 09:14:51,4.877470016479492
2026-05-05 09:14:54,5.13997745513916
2026-05-05 09:14:55,4.870177268981934
2026-05-05 09:15:00,5.13997745513916
2026-05-05 09:15:06,4.874735355377197
2026-05-05 09:15:28,4.87838077545166
2026-05-05 09:15:30,5.116278648376465
2026-05-05 09:15:32,4.87108850479126
2026-05-05 09:15:34,5.135419845581055
2026-05-05 09:15:36,4.869266033172607
2026-05-05 09:15:37,5.1746134757995605
2026-05-05 09:15:38,4.870177268981934
2026-05-05 09:15:41,5.135419845581055
2026-05-05 09:15:42,4.872000694274902
2026-05-05 09:15:45,5.118102073669434
2026-05-05 09:15:46,4.8729119300842285
2026-05-05 09:15:49,5.119924545288086
2026-05-05 09:15:59,5.029687881469727
2026-05-05 09:17:04,4.87108850479126
2026-05-05 09:17:05,5.0953145027160645
2026-05-05 09:17:06,4.872000694274902
2026-05-05 09:17:08,5.162764072418213
2026-05-05 09:17:10,4.87108850479126
2026-05-05 09:17:11,5.11354398727417
2026-05-05 09:17:12,4.869266033172607
2026-05-05 09:17:13,5.148180961608887
2026-05-05 09:17:15,4.87108850479126
2026-05-05 09:17:19,5.0925798416137695
2026-05-05 09:17:23,4.869266033172607
2026-05-05 09:17:25,5.16641092300415
2026-05-05 09:17:26,4.870177268981934
2026-05-05 09:17:29,5.107163906097412
2026-05-05 09:17:31,4.870177268981934
2026-05-05 09:17:34,5.158206939697266
2026-05-05 09:17:37,4.870177268981934
2026-05-05 09:17:55,4.869266033172607
2026-05-05 09:17:56,5.090757369995117
2026-05-05 09:17:57,4.870177268981934
2026-05-05 09:17:58,5.211985111236572
2026-05-05 09:18:02,4.867443084716797
2026-05-05 09:18:03,5.129951477050781
2026-05-05 09:18:05,4.8665313720703125
2026-05-05 09:18:06,5.108075141906738
2026-05-05 09:18:08,4.8665313720703125
2026-05-05 09:18:09,5.138154029846191
2026-05-05 09:18:10,4.867443084716797
2026-05-05 09:18:11,5.1144561767578125
2026-05-05 09:18:13,4.8665313720703125
2026-05-05 09:18:14,5.139066219329834
2026-05-05 09:18:15,4.867443084716797
2026-05-05 09:18:16,5.131773948669434
2026-05-05 09:18:18,4.875646591186523
2026-05-05 09:18:19,5.108075141906738
2026-05-05 09:18:21,4.872000694274902
2026-05-05 09:18:47,4.870177268981934
2026-05-05 09:18:48,5.096226692199707
2026-05-05 09:18:50,4.870177268981934
2026-05-05 09:18:51,5.16641092300415
2026-05-05 09:18:53,4.87108850479126
2026-05-05 09:18:55,5.162764072418213
2026-05-05 09:18:56,4.8665313720703125
2026-05-05 09:18:57,5.1281280517578125
2026-05-05 09:18:58,4.8665313720703125
2026-05-05 09:19:00,5.171878814697266
2026-05-05 09:19:02,5.172791004180908
2026-05-05 09:19:03,4.868354797363281
2026-05-05 09:19:04,5.218365669250488
2026-05-05 09:19:06,4.867443084716797
2026-05-05 09:19:07,5.146357536315918
2026-05-05 09:19:09,4.867443084716797
2026-05-05 09:19:11,5.102606773376465
2026-05-05 09:19:13,4.867443084716797
2026-05-05 09:19:15,5.10534143447876
2026-05-05 09:19:16,4.872000694274902
2026-05-05 09:19:18,5.075262069702148
2026-05-05 09:19:19,4.872000694274902
2026-05-05 09:19:23,5.080730438232422
2026-05-05 09:19:26,4.872000694274902
2026-05-05 09:19:28,5.075262069702148
2026-05-05 09:19:30,4.873823165893555
2026-05-05 09:19:32,5.1144561767578125
2026-05-05 09:19:34,4.874735355377197
2026-05-05 09:19:49,4.870177268981934
2026-05-05 09:19:50,5.126304626464844
2026-05-05 09:19:51,4.872000694274902
2026-05-05 09:19:55,5.110809326171875
2026-05-05 09:19:59,4.872000694274902
2026-05-05 09:20:01,5.0925798416137695
2026-05-05 09:20:07,4.887495994567871
2026-05-05 09:20:11,5.094403266906738
2026-05-05 09:20:19,4.8656206130981445
2026-05-05 09:20:22,5.096226692199707
2026-05-05 09:20:29,4.87838077545166
2026-05-05 09:20:34,4.8729119300842285
2026-05-05 09:20:35,5.1281280517578125
2026-05-05 09:20:37,4.870177268981934
2026-05-05 09:20:38,5.10534143447876
2026-05-05 09:20:39,4.870177268981934
2026-05-05 09:20:41,5.0816426277160645
2026-05-05 09:20:44,4.87108850479126
2026-05-05 09:20:46,5.074350357055664
2026-05-05 09:20:53,4.864708423614502
2026-05-05 09:20:54,5.154561519622803
2026-05-05 09:20:56,4.863797187805176
2026-05-05 09:20:57,5.170968055725098
2026-05-05 09:20:59,4.86288595199585
2026-05-05 09:21:02,5.015103816986084
2026-05-05 09:21:06,4.873823165893555
2026-05-05 09:21:07,5.123570919036865
2026-05-05 09:21:09,4.869266033172607
2026-05-05 09:21:10,5.119924545288086
2026-05-05 09:21:11,4.874735355377197
2026-05-05 09:21:13,5.129951477050781
2026-05-05 09:21:14,4.872000694274902
2026-05-05 09:21:21,5.096226692199707
2026-05-05 09:21:22,4.864708423614502
2026-05-05 09:21:24,5.173702239990234
2026-05-05 09:21:26,4.8729119300842285
2026-05-05 09:21:30,4.979555606842041
2026-05-05 09:21:36,4.874735355377197
2026-05-05 09:21:40,5.150915622711182
2026-05-05 09:21:41,4.8802032470703125
2026-05-05 09:21:43,5.151826858520508
2026-05-05 09:21:44,4.8729119300842285
2026-05-05 09:21:45,5.155472755432129
2026-05-05 09:21:55,4.864708423614502
2026-05-05 09:22:03,5.01601505279541
2026-05-05 09:22:09,4.872000694274902
2026-05-05 09:22:12,5.148180961608887
2026-05-05 09:22:14,4.870177268981934
2026-05-05 09:22:20,5.143623352050781
2026-05-05 09:22:21,4.861973762512207
2026-05-05 09:22:22,5.14544677734375
2026-05-05 09:22:25,4.864708423614502
2026-05-05 09:22:28,4.882937908172607
2026-05-05 09:22:29,5.221099853515625
2026-05-05 09:22:30,4.87108850479126
2026-05-05 09:22:35,5.101694583892822
2026-05-05 09:22:38,4.896610736846924
2026-05-05 09:22:44,5.138154029846191
2026-05-05 09:22:47,4.864708423614502
2026-05-05 09:22:52,5.125393390655518
2026-05-05 09:22:53,4.870177268981934
2026-05-05 09:22:55,5.142712116241455
2026-05-05 09:22:57,4.873823165893555
2026-05-05 09:22:58,5.117189884185791
2026-05-05 09:23:03,4.8665313720703125
2026-05-05 09:23:04,5.156383991241455
2026-05-05 09:23:06,4.863797187805176
2026-05-05 09:23:08,5.187375068664551
2026-05-05 09:23:09,4.861973762512207
2026-05-05 09:23:10,5.108986854553223
2026-05-05 09:23:12,4.921220779418945
2026-05-05 09:23:15,5.1144561767578125
2026-05-05 09:23:18,4.872000694274902
2026-05-05 09:23:20,5.064323902130127
2026-05-05 09:23:25,4.863797187805176
2026-05-05 09:23:28,5.161852836608887
2026-05-05 09:23:29,4.863797187805176
2026-05-05 09:23:30,5.150915622711182
2026-05-05 09:23:30,4.864708423614502
2026-05-05 09:23:38,5.135419845581055
2026-05-05 09:23:39,4.8729119300842285
2026-05-05 09:23:40,5.147269248962402
2026-05-05 09:23:40,4.868354797363281
2026-05-05 09:23:41,5.131773948669434
2026-05-05 09:23:44,4.87108850479126
2026-05-05 09:23:49,4.9412736892700195
2026-05-05 09:23:52,5.191932201385498
2026-05-05 09:23:55,4.8665313720703125
2026-05-05 09:23:58,5.129039287567139
2026-05-05 09:24:00,4.903902053833008
2026-05-05 09:24:03,4.872000694274902
2026-05-05 09:24:04,5.137242794036865
2026-05-05 09:24:11,4.875646591186523
2026-05-05 09:24:13,5.135419845581055
2026-05-05 09:24:14,4.863797187805176
2026-05-05 09:24:15,5.141800880432129
2026-05-05 09:24:16,4.868354797363281
2026-05-05 09:24:18,5.1144561767578125
2026-05-05 09:24:21,4.901167869567871
2026-05-05 09:24:24,4.872000694274902
2026-05-05 09:24:25,5.148180961608887
2026-05-05 09:24:27,4.869266033172607
2026-05-05 09:24:34,5.077996730804443
2026-05-05 09:24:40,4.870177268981934
2026-05-05 09:24:41,5.16641092300415
2026-05-05 09:24:42,4.877470016479492
2026-05-05 09:24:45,4.959503650665283
2026-05-05 09:24:51,4.867443084716797
2026-05-05 09:24:52,5.14544677734375
2026-05-05 09:24:53,4.867443084716797
2026-05-05 09:24:58,4.869266033172607
2026-05-05 09:24:59,5.119924545288086
2026-05-05 09:25:00,4.869266033172607
2026-05-05 09:25:02,5.165498733520508
2026-05-05 09:25:05,4.87108850479126
2026-05-05 09:25:09,5.129039287567139
2026-05-05 09:25:10,4.869266033172607
2026-05-05 09:25:11,5.201046943664551
2026-05-05 09:25:13,4.8656206130981445
2026-05-05 09:25:15,5.007811546325684
2026-05-05 09:25:19,4.868354797363281
2026-05-05 09:25:20,5.144534587860107
2026-05-05 09:25:22,4.867443084716797
2026-05-05 09:25:24,5.05976676940918
2026-05-05 09:25:29,4.869266033172607
2026-05-05 09:25:30,5.107163906097412
2026-05-05 09:25:31,4.875646591186523
2026-05-05 09:25:33,5.129951477050781
2026-05-05 09:25:34,4.864708423614502
2026-05-05 09:25:41,5.135419845581055
2026-05-05 09:25:47,4.869266033172607
2026-05-05 09:25:49,5.137242794036865
2026-05-05 09:25:50,4.87108850479126
2026-05-05 09:26:02,4.868354797363281
2026-05-05 09:26:03,5.204692840576172
2026-05-05 09:26:06,4.87108850479126
2026-05-05 09:26:07,5.192843437194824
2026-05-05 09:26:08,4.870177268981934
2026-05-05 09:26:09,5.155472755432129
2026-05-05 09:26:10,4.87838077545166
2026-05-05 09:26:11,5.09987211227417
2026-05-05 09:26:12,4.87838077545166
2026-05-05 09:26:13,5.1281280517578125
2026-05-05 09:26:14,4.8665313720703125
2026-05-05 09:26:15,5.164587497711182
2026-05-05 09:26:21,4.881115436553955
2026-05-05 09:26:25,5.098959922790527
2026-05-05 09:26:29,4.8665313720703125
2026-05-05 09:26:31,5.13450813293457
2026-05-05 09:26:33,4.8665313720703125
2026-05-05 09:26:40,5.085288047790527
2026-05-05 09:26:41,4.868354797363281
2026-05-05 09:26:42,5.11901330947876
2026-05-05 09:26:43,4.870177268981934
2026-05-05 09:26:44,5.121747970581055
2026-05-05 09:26:45,4.870177268981934
2026-05-05 09:26:46,5.148180961608887
2026-05-05 09:26:47,4.87108850479126
2026-05-05 09:26:56,5.146357536315918
2026-05-05 09:26:57,4.8665313720703125
2026-05-05 09:26:58,5.138154029846191
2026-05-05 09:26:59,4.863797187805176
2026-05-05 09:27:00,5.141800880432129
2026-05-05 09:27:01,4.8656206130981445
2026-05-05 09:27:08,5.146357536315918
2026-05-05 09:27:10,4.8792924880981445
2026-05-05 09:27:11,5.102606773376465
2026-05-05 09:27:12,4.868354797363281
2026-05-05 09:27:15,5.185551643371582
2026-05-05 09:27:17,4.874735355377197
2026-05-05 09:27:23,5.069793224334717
2026-05-05 09:27:24,4.868354797363281
2026-05-05 09:27:28,5.169145584106445
2026-05-05 09:27:30,4.863797187805176
2026-05-05 09:27:31,5.2101616859436035
2026-05-05 09:27:33,4.86288595199585
2026-05-05 09:27:34,5.1281280517578125
2026-05-05 09:27:35,4.86288595199585
2026-05-05 09:27:36,5.100783348083496
2026-05-05 09:27:38,4.863797187805176
2026-05-05 09:27:41,5.012369155883789
2026-05-05 09:27:49,4.882937908172607
2026-05-05 09:27:52,5.119924545288086
2026-05-05 09:27:53,4.8729119300842285
2026-05-05 09:27:55,5.161852836608887
2026-05-05 09:27:56,4.87108850479126
2026-05-05 09:27:57,5.162764072418213
2026-05-05 09:28:00,4.87108850479126
2026-05-05 09:28:02,5.112632751464844
2026-05-05 09:28:07,4.870177268981934
2026-05-05 09:28:13,4.8665313720703125
2026-05-05 09:28:16,5.1609416007995605
2026-05-05 09:28:18,4.8656206130981445
2026-05-05 09:28:23,5.116278648376465
2026-05-05 09:28:27,4.87108850479126
2026-05-05 09:28:28,5.182817459106445
2026-05-05 09:28:29,4.87108850479126
2026-05-05 09:28:38,5.091668605804443
2026-05-05 09:28:39,4.864708423614502
2026-05-05 09:28:40,5.148180961608887
2026-05-05 09:28:42,4.86288595199585
2026-05-05 09:28:45,5.062500953674316
2026-05-05 09:28:50,4.87108850479126
2026-05-05 09:28:54,5.203781604766846
2026-05-05 09:28:55,4.8729119300842285
2026-05-05 09:28:56,5.181905746459961
2026-05-05 09:28:58,4.8729119300842285
2026-05-05 09:29:03,4.8665313720703125
2026-05-05 09:29:04,5.14544677734375
2026-05-05 09:29:06,4.861973762512207
2026-05-05 09:29:09,5.170968055725098
2026-05-05 09:29:10,4.8665313720703125
2026-05-05 09:29:11,5.222011089324951
2026-05-05 09:29:14,4.985024929046631
2026-05-05 09:29:23,5.0953145027160645
2026-05-05 09:29:24,4.870177268981934
2026-05-05 09:29:26,5.170056343078613
2026-05-05 09:29:27,4.870177268981934
2026-05-05 09:29:29,5.170968055725098
2026-05-05 09:29:30,4.869266033172607
2026-05-05 09:29:33,5.184640407562256
2026-05-05 09:29:34,4.8802032470703125
2026-05-05 09:29:47,5.154561519622803
2026-05-05 09:29:49,4.864708423614502
2026-05-05 09:29:52,5.14544677734375
2026-05-05 09:29:53,4.8729119300842285
2026-05-05 09:29:54,5.2028703689575195
2026-05-05 09:29:55,4.8729119300842285
2026-05-05 09:29:56,5.15911865234375
2026-05-05 09:30:01,4.891141891479492
2026-05-05 09:30:05,4.872000694274902
2026-05-05 09:30:07,5.140888690948486
2026-05-05 09:30:08,4.870177268981934
2026-05-05 09:30:09,5.127216815948486
2026-05-05 09:30:10,4.874735355377197
2026-05-05 09:30:11,5.194666862487793
2026-05-05 09:30:17,4.874735355377197
2026-05-05 09:30:18,5.151826858520508
2026-05-05 09:30:19,4.870177268981934
2026-05-05 09:30:20,5.161852836608887
2026-05-05 09:30:22,4.869266033172607
2026-05-05 09:30:23,5.1746134757995605
2026-05-05 09:30:24,4.867443084716797
2026-05-05 09:30:26,5.152738094329834
2026-05-05 09:30:28,4.87108850479126
2026-05-05 09:30:29,5.142712116241455
2026-05-05 09:30:30,4.882026672363281
2026-05-05 09:30:35,5.108075141906738
2026-05-05 09:30:37,4.869266033172607
2026-05-05 09:30:38,5.15364933013916
2026-05-05 09:30:40,4.869266033172607
2026-05-05 09:30:43,5.084377288818359
2026-05-05 09:30:50,4.87655782699585
2026-05-05 09:30:53,5.097137451171875
2026-05-05 09:30:54,4.8665313720703125
2026-05-05 09:30:56,5.129039287567139
2026-05-05 09:31:04,4.872000694274902
2026-05-05 10:06:55,5.0424485206604
2026-05-05 10:06:56,5.370583534240723
2026-05-05 10:08:51,5.012369155883789
2026-05-05 10:09:00,5.189197540283203
2026-05-05 10:09:31,5.161852836608887
2026-05-05 10:10:06,5.111721515655518
2026-05-05 10:10:21,5.041537284851074
2026-05-05 10:10:29,4.952211380004883
2026-05-05 10:10:31,5.2457098960876465
2026-05-05 10:11:40,4.936716079711914
2026-05-05 10:11:42,5.157296180725098
2026-05-05 10:12:22,5.109898567199707
2026-05-05 10:13:11,5.096226692199707
2026-05-05 10:13:28,5.058855056762695
2026-05-05 10:14:09,4.936716079711914
2026-05-05 10:14:11,5.253912925720215
2026-05-05 10:15:01,4.930335521697998
2026-05-05 10:15:53,5.108986854553223
2026-05-05 10:16:06,5.052474498748779
2026-05-05 10:16:31,5.126304626464844
2026-05-05 10:16:48,5.022395610809326
2026-05-05 10:17:37,5.129951477050781
2026-05-05 10:18:24,5.157296180725098
2026-05-05 10:18:30,4.923044204711914
2026-05-05 10:18:46,5.183728218078613
2026-05-05 10:18:50,4.92395544052124
2026-05-05 10:20:23,5.0925798416137695
2026-05-05 10:20:43,5.097137451171875
2026-05-05 10:20:56,5.063412666320801
2026-05-05 10:21:29,5.1144561767578125
2026-05-05 10:22:26,5.074350357055664
2026-05-05 10:22:52,5.19740104675293
2026-05-05 10:22:55,4.911194801330566
2026-05-05 10:23:05,4.913928985595703
2026-05-05 10:23:11,5.232037544250488
2026-05-05 10:23:13,4.912106037139893
2026-05-05 10:24:12,5.069793224334717
2026-05-05 10:24:35,4.952211380004883
2026-05-05 10:25:03,5.101694583892822
2026-05-05 10:25:39,5.049739837646484
2026-05-05 10:26:15,5.108986854553223
2026-05-05 10:26:29,4.977733135223389
2026-05-05 10:26:48,5.088022708892822
2026-05-05 10:27:25,5.011458396911621
2026-05-05 10:27:34,5.170968055725098
2026-05-05 10:27:36,4.90299129486084
2026-05-05 10:28:04,5.104429244995117
2026-05-05 10:28:29,5.034245014190674
2026-05-05 10:28:40,4.978644371032715
2026-05-05 10:28:58,5.125393390655518
2026-05-05 10:29:42,4.9968743324279785
2026-05-05 10:30:31,5.074350357055664
2026-05-05 10:30:46,4.894787311553955
2026-05-05 10:30:50,5.16641092300415
2026-05-05 10:31:03,5.036979675292969
2026-05-05 10:31:08,5.178260326385498
2026-05-05 10:31:09,4.896610736846924
2026-05-05 10:33:00,5.127216815948486
2026-05-05 10:33:44,5.061589241027832
2026-05-05 10:34:34,5.144534587860107
2026-05-05 10:34:38,4.896610736846924
2026-05-05 10:35:33,5.1144561767578125
2026-05-05 10:35:42,5.200135707855225
2026-05-05 10:35:43,4.886584758758545
2026-05-05 10:36:05,5.003254413604736
2026-05-05 10:36:37,5.079819202423096
2026-05-05 10:36:54,5.007811546325684
2026-05-05 10:37:20,4.88385009765625
2026-05-05 10:37:23,5.1746134757995605
2026-05-05 10:37:36,5.090757369995117
2026-05-05 10:37:57,4.945830821990967
2026-05-05 10:38:42,5.080730438232422
2026-05-05 10:39:24,5.083465099334717
2026-05-05 10:40:35,5.030599117279053
2026-05-05 10:41:57,5.003254413604736
2026-05-05 10:42:42,5.037890434265137
2026-05-05 10:44:14,5.063412666320801
2026-05-05 10:44:38,4.984113693237305
2026-05-05 10:45:05,5.077084541320801
2026-05-05 10:45:53,4.999608993530273
2026-05-05 10:47:00,5.071615695953369
2026-05-05 10:48:03,5.070704460144043
2026-05-05 10:49:39,4.976820945739746
2026-05-05 10:50:27,5.027864456176758
2026-05-05 10:50:56,5.015103816986084
2026-05-05 10:51:08,4.974998474121094
2026-05-05 10:51:21,5.126304626464844
2026-05-05 10:52:10,4.994139671325684
2026-05-05 10:52:25,5.001431465148926
2026-05-05 10:52:54,5.071615695953369
2026-05-05 10:53:20,4.931246757507324
2026-05-05 10:54:06,5.1636762619018555
2026-05-05 10:54:09,4.8729119300842285
2026-05-05 10:54:40,5.044270992279053
2026-05-05 10:56:17,5.006900310516357
2026-05-05 10:56:50,5.0041656494140625
2026-05-05 10:57:56,5.103518009185791
2026-05-05 10:58:36,5.028775691986084
2026-05-05 10:59:28,5.001431465148926
2026-05-05 11:00:32,4.870177268981934
2026-05-05 11:00:37,5.097137451171875
2026-05-05 11:01:01,5.001431465148926
2026-05-05 11:01:06,5.129951477050781
2026-05-05 11:01:10,4.881115436553955
2026-05-05 11:01:24,5.008723735809326
2026-05-05 11:01:37,5.020573139190674
2026-05-05 11:01:55,4.997785568237305
2026-05-05 11:02:04,4.932158946990967
2026-05-05 11:02:17,5.071615695953369
2026-05-05 11:02:24,5.0424485206604
2026-05-05 11:02:36,5.03515625
2026-05-05 11:03:05,5.029687881469727
2026-05-05 11:03:18,4.953122138977051
2026-05-05 11:03:36,5.0561203956604
2026-05-05 11:03:45,4.986847877502441
2026-05-05 11:04:06,5.118102073669434
2026-05-05 11:05:04,4.90481424331665
2026-05-05 11:05:28,5.11354398727417
2026-05-05 11:05:33,4.8665313720703125
2026-05-05 11:06:39,5.074350357055664
2026-05-05 11:07:20,4.938539505004883
2026-05-05 11:09:06,5.008723735809326
2026-05-05 11:10:12,4.858327865600586
2026-05-05 11:10:15,5.048829078674316
2026-05-05 11:11:35,4.870177268981934
2026-05-05 11:11:39,5.0925798416137695
2026-05-05 11:11:41,4.8656206130981445
2026-05-05 11:11:48,5.148180961608887
2026-05-05 11:12:19,4.864708423614502
2026-05-05 11:12:22,5.115367412567139
2026-05-05 11:12:27,4.841921806335449
2026-05-05 11:12:57,5.044270992279053
2026-05-05 11:13:10,5.413423538208008
2026-05-05 11:13:11,5.199223518371582
2026-05-05 11:13:20,5.215631008148193
2026-05-05 11:13:33,4.809107780456543
2026-05-05 11:13:44,4.815488338470459
2026-05-05 11:13:46,5.014192581176758
2026-05-05 11:13:54,4.816399574279785
2026-05-05 11:13:56,5.304956436157227
2026-05-05 11:14:36,5.337769985198975
2026-05-05 11:14:55,4.810931205749512
2026-05-05 11:15:10,4.9640607833862305
2026-05-05 11:15:18,5.3541765213012695
2026-05-05 11:15:27,4.810019016265869
2026-05-05 11:15:36,5.006900310516357
2026-05-05 11:15:42,5.386990070343018
2026-05-05 11:15:52,4.819133758544922
2026-05-05 11:16:03,5.1609416007995605
2026-05-05 11:16:14,5.188286304473877
2026-05-05 11:16:24,4.836452484130859
2026-05-05 11:16:40,5.125393390655518
2026-05-05 11:16:51,5.576579570770264
2026-05-05 11:16:59,6.504472255706787
2026-05-05 11:17:02,6.630256652832031
2026-05-05 11:17:03,7.572734355926514
2026-05-05 11:17:05,10.408367156982422
2026-05-05 11:17:06,11.124795913696289
2026-05-05 11:17:07,10.094816207885742
2026-05-05 11:17:09,9.825016021728516
2026-05-05 11:17:11,10.094816207885742
2026-05-05 11:17:13,6.919198989868164
2026-05-05 11:17:14,6.931047439575195
2026-05-05 11:17:15,7.511664867401123
2026-05-05 11:17:16,9.221611976623535
2026-05-05 11:17:17,7.171680450439453
2026-05-05 11:17:18,5.824503421783447
2026-05-05 11:17:22,6.239230155944824
2026-05-05 11:17:31,6.0150041580200195
2026-05-05 11:17:40,5.696895122528076
2026-05-05 11:17:52,5.924766540527344
2026-05-05 11:17:56,6.333113193511963
2026-05-05 11:18:11,5.66134786605835
2026-05-05 11:18:27,5.885572910308838
2026-05-05 11:18:36,6.160841941833496
2026-05-05 11:18:37,6.1462578773498535
2026-05-05 11:18:38,5.65770149230957
2026-05-05 11:18:50,6.215531349182129
2026-05-05 11:18:51,6.1325860023498535
2026-05-05 11:18:52,5.639471530914307
2026-05-05 11:19:07,6.191832542419434
2026-05-05 11:19:17,5.630356788635254
2026-05-05 11:19:24,5.6248884201049805
2026-05-05 11:19:25,6.1161789894104
2026-05-05 11:19:38,5.632180213928223
2026-05-05 11:20:10,5.919297695159912
2026-05-05 11:20:26,6.134408473968506
2026-05-05 11:20:56,5.874635696411133
2026-05-05 11:21:27,5.660435676574707
2026-05-05 11:21:44,6.169045448303223
2026-05-05 11:22:04,5.608481407165527
2026-05-05 11:22:53,6.005889415740967
2026-05-05 11:23:15,5.953023433685303
2026-05-05 11:23:27,5.597543716430664
2026-05-05 11:23:41,5.602100849151611
2026-05-05 11:23:42,6.120736598968506
2026-05-05 11:24:30,5.592074871063232
2026-05-05 11:24:45,6.007712364196777
2026-05-05 11:25:16,5.972164154052734
2026-05-05 11:26:07,5.8381757736206055
2026-05-05 11:26:45,5.59663200378418
2026-05-05 11:27:15,6.074250221252441
2026-05-05 11:27:31,6.109798431396484
2026-05-05 11:27:56,6.07607364654541
2026-05-05 11:27:57,5.571110725402832
2026-05-05 11:27:58,5.568376064300537
2026-05-05 11:27:59,6.114356517791748
2026-05-05 11:28:02,6.058754920959473
2026-05-05 11:28:03,5.572933197021484
2026-05-05 11:28:24,5.826326370239258
2026-05-05 11:28:28,5.996774673461914
2026-05-05 11:28:29,5.58296012878418
2026-05-05 11:28:54,5.829061031341553
2026-05-05 11:29:03,6.155372619628906
2026-05-05 11:29:11,6.100683689117432
2026-05-05 11:29:12,5.562906742095947
2026-05-05 11:29:15,5.565641403198242
2026-05-05 11:29:18,6.066958904266357
2026-05-05 11:29:48,5.892865180969238
2026-05-05 11:29:50,5.573844909667969
2026-05-05 11:30:01,6.003154754638672
2026-05-05 11:30:15,6.163576602935791
2026-05-05 11:30:41,5.5565266609191895
2026-05-05 11:30:57,5.568376064300537
2026-05-05 11:30:58,6.091568946838379
2026-05-05 11:31:12,5.304044723510742
2026-05-05 11:31:27,5.351442337036133
2026-05-05 11:31:43,5.448059558868408
2026-05-05 11:31:56,5.082553863525391
2026-05-05 11:32:01,5.170968055725098
2026-05-05 11:32:05,5.862786293029785
2026-05-05 11:32:28,6.075162410736084
2026-05-05 11:32:40,5.641294956207275
2026-05-05 11:33:09,5.747027397155762
2026-05-05 11:33:17,6.013180732727051
2026-05-05 11:33:20,5.550146102905273
2026-05-05 11:33:25,5.541942596435547
2026-05-05 11:33:27,5.743381500244141
2026-05-05 11:33:37,5.973075866699219
2026-05-05 11:33:38,5.531005382537842
2026-05-05 11:33:39,5.960314750671387
2026-05-05 11:33:40,5.529181957244873
2026-05-05 11:34:00,5.782574653625488
2026-05-05 11:34:13,6.010446548461914
2026-05-05 11:34:28,5.52006721496582
2026-05-05 11:36:33,5.707833290100098
2026-05-05 11:36:45,5.999508857727051
2026-05-05 11:36:58,5.785309314727783
2026-05-05 11:37:16,5.489076614379883
2026-05-05 11:37:51,5.963049411773682
2026-05-05 11:38:11,6.037790775299072
2026-05-05 11:38:12,5.502748489379883
2026-05-05 11:38:39,5.775283336639404
2026-05-05 11:38:55,5.509129047393799
2026-05-05 11:40:06,5.650409698486328
2026-05-05 11:40:18,6.018650054931641
2026-05-05 11:40:48,5.490899085998535
2026-05-05 11:41:02,5.469935894012451
2026-05-05 11:41:03,6.052374839782715
2026-05-05 11:41:20,5.462643623352051
2026-05-05 11:42:20,5.475403785705566
2026-05-05 11:42:23,5.610304355621338
2026-05-05 11:43:58,5.462643623352051
2026-05-05 11:43:59,5.879192352294922
2026-05-05 11:44:29,5.907449245452881
2026-05-05 11:44:46,5.685957908630371
2026-05-05 11:45:03,5.758876800537109
2026-05-05 11:45:05,5.469935894012451
2026-05-05 11:45:25,5.659524440765381
2026-05-05 11:45:32,5.977633476257324
2026-05-05 11:45:41,5.446237087249756
2026-05-05 11:45:50,5.95211124420166
2026-05-05 11:46:01,5.86005163192749
2026-05-05 11:46:02,5.43985652923584
2026-05-05 11:46:17,5.533740043640137
2026-05-05 11:46:43,5.641294956207275
2026-05-05 11:46:57,5.941174030303955
2026-05-05 11:47:18,5.441679000854492
2026-05-05 11:50:10,5.620330810546875
2026-05-05 11:50:18,5.725152015686035
2026-05-05 11:50:24,5.417068958282471
2026-05-05 11:51:09,5.575667381286621
2026-05-05 11:51:21,5.866431713104248
2026-05-05 11:51:57,5.903802394866943
2026-05-05 11:52:50,6.056020736694336
2026-05-05 11:53:02,5.412511825561523
2026-05-05 11:53:16,5.592986106872559
2026-05-05 11:53:23,6.300299644470215
2026-05-05 11:53:40,5.97854471206665
2026-05-05 11:54:01,5.623976230621338
2026-05-05 11:54:06,5.835441589355469
2026-05-05 11:54:15,5.59845495223999
2026-05-05 11:54:44,5.710567951202393
2026-05-05 11:55:05,5.969429969787598
2026-05-05 11:55:16,5.481784343719482
2026-05-05 11:55:20,6.078808307647705
2026-05-05 11:56:14,5.441679000854492
2026-05-05 11:56:24,5.579314231872559
2026-05-05 11:56:33,5.860962867736816
2026-05-05 11:56:53,5.4325642585754395
2026-05-05 11:57:09,5.646763801574707
2026-05-05 11:57:22,5.969429969787598
2026-05-05 11:57:37,5.417068958282471
2026-05-05 11:57:55,5.637649059295654
2026-05-05 11:58:07,5.9329705238342285
2026-05-05 11:58:48,5.511863708496094
2026-05-05 11:59:11,5.700541019439697
2026-05-05 12:00:00,5.394282341003418
2026-05-05 12:00:19,5.857316970825195
2026-05-05 12:00:34,5.706009864807129
2026-05-05 12:00:43,5.473581314086914
2026-05-05 12:01:04,5.9265899658203125
2026-05-05 12:01:20,5.38790225982666
2026-05-05 12:01:44,5.592986106872559
2026-05-05 12:01:48,5.961226463317871
2026-05-05 12:01:49,5.407042980194092
2026-05-05 12:02:46,5.380609512329102
2026-05-05 12:02:48,5.605746746063232
2026-05-05 12:03:11,5.870077610015869
2026-05-05 12:03:20,5.875546455383301
2026-05-05 12:03:21,5.407042980194092
2026-05-05 12:03:30,5.398839473724365
2026-05-05 12:03:31,5.956669330596924
2026-05-05 12:03:41,6.040525436401367
2026-05-05 12:03:59,5.403397083282471
2026-05-05 12:04:25,5.496368408203125
2026-05-05 12:04:43,5.7889556884765625
2026-05-05 12:05:10,5.830883502960205
2026-05-05 12:06:25,5.725152015686035
2026-05-05 12:06:31,5.7989821434021
2026-05-05 12:06:50,5.59845495223999
2026-05-05 12:07:12,5.360557556152344
2026-05-05 12:07:13,5.866431713104248
2026-05-05 12:07:26,5.39610481262207
2026-05-05 12:07:58,5.57749080657959
2026-05-05 12:08:20,5.823592185974121
2026-05-05 12:08:38,5.3477959632873535
2026-05-05 12:08:50,5.468112468719482
2026-05-05 12:08:55,5.99221658706665
2026-05-05 12:09:17,5.343238830566406
2026-05-05 12:09:39,5.515510082244873
2026-05-05 12:09:53,5.836352825164795
2026-05-05 12:10:18,5.3405046463012695
2026-05-05 12:10:20,5.784398078918457
2026-05-05 12:10:59,5.716948509216309
2026-05-05 12:11:07,5.59663200378418
2026-05-05 12:11:11,5.339592933654785
2026-05-05 12:11:36,5.855493545532227
2026-05-05 12:12:02,5.876458168029785
2026-05-05 12:12:36,5.331389427185059
2026-05-05 12:13:23,5.522801399230957
2026-05-05 12:13:36,5.757053375244141
2026-05-05 12:13:50,5.905625820159912
2026-05-05 12:13:51,5.325920581817627
2026-05-05 12:14:08,5.842732906341553
2026-05-05 12:15:15,5.37514066696167
2026-05-05 12:15:44,5.848202228546143
2026-05-05 12:15:54,5.312248706817627
2026-05-05 12:15:57,5.314983367919922
2026-05-05 12:15:58,5.82814884185791
2026-05-05 12:16:01,5.7625226974487305
2026-05-05 12:16:01,5.547411918640137
2026-05-05 12:16:19,5.450794219970703
2026-05-05 12:16:27,5.7989821434021
2026-05-05 12:16:36,5.316805839538574
2026-05-05 12:17:00,5.634914398193359
2026-05-05 12:17:12,5.848202228546143
2026-05-05 12:17:23,5.333212852478027
2026-05-05 12:17:38,5.648586273193359
2026-05-05 12:17:48,5.757964611053467
2026-05-05 12:17:49,5.305868148803711
2026-05-05 12:18:01,5.666816234588623
2026-05-05 12:18:15,5.81447696685791
2026-05-05 12:18:16,5.320451259613037
2026-05-05 12:20:10,5.485430717468262
2026-05-05 12:20:18,5.8773698806762695
2026-05-05 12:20:19,5.296753406524658
2026-05-05 12:20:59,5.495457172393799
2026-05-05 12:21:23,5.7734599113464355
2026-05-05 12:21:31,5.434387683868408
2026-05-05 12:22:03,6.117091178894043
2026-05-05 12:22:29,5.960314750671387
2026-05-05 12:22:40,5.664993762969971
2026-05-05 12:23:00,5.676843166351318
2026-05-05 12:23:16,5.9329705238342285
2026-05-05 12:23:17,5.481784343719482
2026-05-05 12:23:49,5.824503421783447
2026-05-05 12:24:35,5.541031360626221
2026-05-05 12:25:06,5.3696722984313965
2026-05-05 12:25:15,5.891952991485596
2026-05-05 12:25:46,5.286726474761963
2026-05-05 12:26:15,5.488165378570557
2026-05-05 12:26:33,5.788043975830078
2026-05-05 12:26:47,5.2785234451293945
2026-05-05 12:26:58,5.5073065757751465
2026-05-05 12:27:09,5.651320934295654
2026-05-05 12:27:20,5.27214241027832
2026-05-05 12:27:37,5.50639533996582
2026-05-05 12:27:47,5.822680950164795
2026-05-05 12:27:59,5.271231174468994
2026-05-05 12:28:05,5.406131744384766
2026-05-05 12:28:12,5.737000465393066
2026-05-05 12:28:19,5.267585754394531
2026-05-05 12:28:27,5.437122344970703
2026-05-05 12:28:35,5.7889556884765625
2026-05-05 12:28:43,5.25847053527832
2026-05-05 12:28:51,5.524624824523926
2026-05-05 12:28:57,5.7597880363464355
2026-05-05 12:29:05,5.257559299468994
2026-05-05 12:29:14,5.523713111877441
2026-05-05 12:29:21,5.6850457191467285
2026-05-05 12:29:28,5.274877071380615
2026-05-05 12:29:36,5.4389448165893555
2026-05-05 12:29:43,5.708744525909424
2026-05-05 12:30:03,5.2520904541015625
2026-05-05 12:30:07,5.247532367706299
2026-05-05 12:30:09,5.747938632965088
2026-05-05 12:30:43,5.631268501281738
2026-05-05 12:31:01,5.620330810546875
2026-05-05 12:31:26,5.58296012878418
2026-05-05 12:31:28,5.250267028808594
2026-05-05 12:31:52,5.798070907592773
2026-05-05 12:32:23,5.231125831604004
2026-05-05 12:33:27,5.428918361663818
2026-05-05 12:33:34,5.763433933258057
2026-05-05 12:33:40,5.215631008148193
2026-05-05 12:33:50,5.463554382324219
2026-05-05 12:33:58,5.737000465393066
2026-05-05 12:34:05,5.23750638961792
2026-05-05 12:34:21,5.489076614379883
2026-05-05 12:34:30,5.731532096862793
2026-05-05 12:34:46,5.19740104675293
2026-05-05 12:36:33,5.346884727478027
2026-05-05 12:36:53,5.705099105834961
2026-05-05 12:37:03,5.187375068664551
2026-05-05 12:37:38,5.39610481262207
2026-05-05 12:37:50,5.672285079956055
2026-05-05 12:38:09,5.510041236877441
2026-05-05 12:38:22,5.187375068664551
2026-05-05 12:38:23,5.628534317016602
2026-05-05 12:38:40,5.47266960144043
2026-05-05 12:38:51,5.179171562194824
2026-05-05 12:38:53,5.7205939292907715
2026-05-05 12:39:02,5.676843166351318
2026-05-05 12:39:03,5.176436901092529
2026-05-05 12:39:25,5.445324897766113
2026-05-05 12:39:37,5.580225467681885
2026-05-05 12:39:51,5.183728218078613
2026-05-05 12:40:04,5.371494770050049
2026-05-05 12:40:20,5.6777544021606445
2026-05-05 12:40:38,5.170056343078613
2026-05-05 12:40:58,5.384255409240723
2026-05-05 12:41:10,5.599366188049316
2026-05-05 12:41:11,5.165498733520508
2026-05-05 12:41:21,5.476315975189209
2026-05-05 12:41:35,5.575667381286621
2026-05-05 12:41:46,5.1609416007995605
2026-05-05 12:42:02,5.325009346008301
2026-05-05 12:42:07,5.654055595397949
2026-05-05 12:42:25,5.293107032775879
2026-05-05 12:42:59,5.314983367919922
2026-05-05 12:43:11,5.634914398193359
2026-05-05 12:43:17,5.538296699523926
2026-05-05 12:43:26,5.146357536315918
2026-05-05 12:43:36,5.430741786956787
2026-05-05 12:43:45,5.583870887756348
2026-05-05 12:44:02,5.143623352050781
2026-05-05 12:44:16,5.139066219329834
2026-05-05 12:44:17,5.640383720397949
2026-05-05 12:44:26,5.233860492706299
2026-05-05 12:44:49,5.368760108947754
2026-05-05 12:46:42,5.181905746459961
2026-05-05 12:46:57,5.734266757965088
2026-05-05 12:47:18,5.149092197418213
2026-05-05 12:47:43,5.365114212036133
2026-05-05 12:48:15,5.569287300109863
2026-05-05 12:48:23,5.331389427185059
2026-05-05 12:48:31,5.571110725402832
2026-05-05 12:48:34,5.538296699523926
2026-05-05 12:48:35,5.125393390655518
2026-05-05 12:48:54,5.601189613342285
2026-05-05 12:49:41,5.632180213928223
2026-05-05 12:49:42,5.146357536315918
2026-05-05 12:50:26,5.32136344909668
2026-05-05 12:50:50,5.625799655914307
2026-05-05 12:51:21,5.3696722984313965
2026-05-05 12:51:34,5.426183700561523
2026-05-05 12:52:08,5.57749080657959
2026-05-05 12:52:30,5.5209784507751465
2026-05-05 12:52:50,5.571110725402832
2026-05-05 12:53:14,5.0925798416137695
2026-05-05 12:54:04,5.253001689910889
2026-05-05 12:54:15,5.633090972900391
2026-05-05 12:54:27,5.442591190338135
2026-05-05 12:54:40,5.089845180511475
2026-05-05 12:55:10,5.257559299468994
2026-05-05 12:55:23,5.4517059326171875
2026-05-05 12:55:25,5.075262069702148
2026-05-05 12:56:45,5.227480411529541
2026-05-05 12:56:59,5.5428547859191895
2026-05-05 12:57:30,5.050652027130127
2026-05-05 12:57:50,5.346884727478027
2026-05-05 12:58:05,5.561995506286621
2026-05-05 12:58:22,5.049739837646484
2026-05-05 12:59:01,5.19740104675293
2026-05-05 12:59:09,5.551969528198242
2026-05-05 12:59:27,5.0424485206604
2026-05-05 12:59:54,5.332300662994385
2026-05-05 13:00:18,5.570199012756348
2026-05-05 13:00:36,5.431653022766113
2026-05-05 13:00:52,5.036067962646484
2026-05-05 13:01:04,5.267585754394531
2026-05-05 13:01:11,5.489076614379883
2026-05-05 13:01:26,5.246621131896973
2026-05-05 13:02:06,5.03515625
2026-05-05 13:02:26,5.0105462074279785
2026-05-05 13:02:27,5.534650802612305
2026-05-05 13:02:29,5.468112468719482
2026-05-05 13:02:30,5.011458396911621
2026-05-05 13:02:31,5.555615425109863
2026-05-05 13:02:37,5.18008279800415
2026-05-05 13:02:40,5.343238830566406
2026-05-05 13:02:42,5.025130271911621
2026-05-05 13:02:48,5.525536060333252
2026-05-05 13:02:51,5.408865451812744
2026-05-05 13:02:52,5.019660949707031
2026-05-05 13:02:53,5.4389448165893555
2026-05-05 13:02:54,5.016926288604736
2026-05-05 13:03:03,5.279435157775879
2026-05-05 13:03:04,5.030599117279053
2026-05-05 13:03:06,5.504571914672852
2026-05-05 13:03:07,5.036067962646484
2026-05-05 13:03:08,5.041537284851074
2026-05-05 13:03:10,5.5510573387146
2026-05-05 13:03:14,5.572933197021484
2026-05-05 13:03:15,5.031510353088379
2026-05-05 13:03:27,5.560172080993652
2026-05-05 13:03:45,5.001431465148926
2026-05-05 13:03:58,5.385167598724365
2026-05-05 13:04:07,5.3414154052734375
2026-05-05 13:04:17,5.0041656494140625
2026-05-05 13:04:27,5.3277435302734375
2026-05-05 13:04:35,5.486342430114746
2026-05-05 13:04:45,5.000519752502441
2026-05-05 13:05:03,5.27214241027832
2026-05-05 13:05:07,5.504571914672852
2026-05-05 13:05:13,5.187375068664551
2026-05-05 13:05:28,5.1773481369018555
2026-05-05 13:05:30,5.564730167388916
2026-05-05 13:05:38,5.398839473724365
2026-05-05 13:05:47,4.999608993530273
2026-05-05 13:05:59,5.221099853515625
2026-05-05 13:06:08,5.513686656951904
2026-05-05 13:06:16,5.013280868530273
2026-05-05 13:06:18,5.014192581176758
2026-05-05 13:06:19,5.508217811584473
2026-05-05 13:06:26,5.38790225982666
2026-05-05 13:06:33,4.98137903213501
2026-05-05 13:06:34,4.988670349121094
2026-05-05 13:06:35,5.508217811584473
2026-05-05 13:06:40,5.3013105392456055
2026-05-05 13:06:42,5.03515625
2026-05-05 13:06:48,5.4362101554870605
2026-05-05 13:06:59,5.154561519622803
2026-05-05 13:07:13,4.979555606842041
2026-05-05 13:07:14,5.384255409240723
2026-05-05 13:07:21,5.191932201385498
2026-05-05 13:07:34,5.47266960144043
2026-05-05 13:07:35,4.985024929046631
2026-05-05 13:09:38,5.22383451461792
2026-05-05 13:10:16,5.566552639007568
2026-05-05 13:10:36,4.9613261222839355
2026-05-05 13:11:51,5.160030364990234
2026-05-05 13:12:08,5.243886947631836
2026-05-05 13:12:36,5.314983367919922
2026-05-05 13:12:51,5.479050636291504
2026-05-05 13:13:01,5.350530624389648
2026-05-05 13:13:11,4.998696804046631
2026-05-05 13:13:35,5.430741786956787
2026-05-05 13:14:50,5.2921953201293945
2026-05-05 13:15:18,4.936716079711914
2026-05-05 13:15:30,5.461731910705566
2026-05-05 13:15:38,5.123570919036865
2026-05-05 13:15:54,5.061589241027832
2026-05-05 13:15:59,5.4252729415893555
2026-05-05 13:16:08,5.022395610809326
2026-05-05 13:16:20,4.923044204711914
2026-05-05 13:16:21,5.270319938659668
2026-05-05 13:16:30,4.930335521697998
2026-05-05 13:16:47,5.152738094329834
2026-05-05 13:16:51,5.461731910705566
2026-05-05 13:17:45,4.920309543609619
2026-05-05 13:18:08,5.466289043426514
2026-05-05 13:18:42,5.297664642333984
2026-05-05 13:19:24,4.910282611846924
2026-05-05 13:19:46,5.140888690948486
2026-05-05 13:20:01,5.37514066696167
2026-05-05 13:20:13,4.903902053833008
2026-05-05 13:21:05,5.172791004180908
2026-05-05 13:21:27,5.469935894012451
2026-05-05 13:22:09,4.889318466186523
2026-05-05 13:22:25,5.360557556152344
2026-05-05 13:22:26,4.89752197265625
2026-05-05 13:22:44,5.161852836608887
2026-05-05 13:23:02,5.395193576812744
2026-05-05 13:23:14,4.900256633758545
2026-05-05 13:23:24,5.100783348083496
2026-05-05 13:23:33,5.420714855194092
2026-05-05 13:23:41,5.254824638366699
2026-05-05 13:23:45,4.882026672363281
2026-05-05 13:23:58,5.419803619384766
2026-05-05 13:24:02,5.601189613342285
2026-05-05 13:24:18,5.379698276519775
2026-05-05 13:24:19,4.8802032470703125
2026-05-05 13:24:44,5.087111473083496
2026-05-05 13:25:00,5.364203453063965
2026-05-05 13:25:22,4.898433208465576
2026-05-05 13:25:37,5.588428974151611
2026-05-05 13:26:11,6.122559070587158
2026-05-05 13:26:46,5.857316970825195
2026-05-05 13:27:11,5.499102592468262
2026-05-05 13:27:28,5.561084270477295
2026-05-05 13:27:35,5.337769985198975
2026-05-05 13:27:50,5.397928237915039
2026-05-05 13:28:16,5.3769636154174805
2026-05-05 13:28:17,4.8792924880981445
2026-05-05 13:29:21,5.066147327423096
2026-05-05 13:29:40,5.433476448059082
2026-05-05 13:29:52,5.386078834533691
2026-05-05 13:29:53,5.626710891723633
2026-05-05 13:29:57,5.326831817626953
2026-05-05 13:30:13,5.218365669250488
2026-05-05 13:30:27,5.119924545288086
2026-05-05 13:30:31,4.851036548614502
2026-05-05 13:30:59,5.038802623748779
2026-05-05 13:31:14,5.338681221008301
2026-05-05 13:31:34,4.841921806335449
2026-05-05 13:31:36,4.849213123321533
2026-05-05 13:31:37,5.407954216003418
2026-05-05 13:31:53,4.850125312805176
2026-05-05 13:32:35,4.92395544052124
2026-05-05 13:33:40,5.32136344909668
2026-05-05 13:33:50,5.350530624389648
2026-05-05 13:33:51,4.820957183837891
2026-05-05 13:34:17,4.8200459480285645
2026-05-05 13:34:18,5.4325642585754395
2026-05-05 13:34:45,5.149092197418213
2026-05-05 13:34:53,4.816399574279785
2026-05-05 13:35:14,5.066147327423096
2026-05-05 13:35:17,5.367848873138428
2026-05-05 13:35:36,4.88385009765625
2026-05-05 13:36:02,5.030599117279053
2026-05-05 13:36:08,5.349619388580322
2026-05-05 13:36:26,4.804551124572754
2026-05-05 13:36:45,5.14544677734375
2026-05-05 13:37:03,5.300399303436279
2026-05-05 13:37:34,4.835541248321533
2026-05-05 13:37:55,4.809107780456543
2026-05-05 13:37:58,5.324098110198975
2026-05-05 13:37:59,4.814577102661133
2026-05-05 13:38:14,5.150915622711182
2026-05-05 13:38:38,5.328655242919922
2026-05-05 13:38:45,4.799081802368164
2026-05-05 13:39:20,5.074350357055664
2026-05-05 13:39:39,5.417980194091797
2026-05-05 13:39:51,5.33503532409668
2026-05-05 13:40:16,4.79999303817749
2026-05-05 13:41:03,5.1144561767578125
2026-05-05 13:41:21,5.1773481369018555
2026-05-05 13:41:43,4.776294231414795
2026-05-05 13:42:16,5.220188140869141
2026-05-05 13:42:31,5.192843437194824
2026-05-05 13:42:55,5.110809326171875
2026-05-05 13:43:17,5.2657623291015625
2026-05-05 13:43:35,5.232037544250488
2026-05-05 13:43:36,4.76535701751709
2026-05-05 13:44:01,4.978644371032715
2026-05-05 13:44:17,5.250267028808594
2026-05-05 13:44:45,4.7844977378845215
2026-05-05 13:45:06,5.036979675292969
2026-05-05 13:45:31,5.294018745422363
2026-05-05 13:46:09,5.181905746459961
2026-05-05 13:46:36,4.821868419647217
2026-05-05 13:47:22,4.78632116317749
2026-05-05 13:47:53,4.748038291931152
2026-05-05 13:47:54,5.218365669250488
2026-05-05 13:48:07,4.895699501037598
2026-05-05 13:49:08,4.737100124359131
2026-05-05 13:49:09,5.227480411529541
2026-05-05 13:49:18,5.337769985198975
2026-05-05 13:49:19,5.110809326171875
2026-05-05 13:49:36,5.283080577850342
2026-05-05 13:50:33,5.126304626464844
2026-05-05 13:50:54,4.743480682373047
2026-05-05 13:51:43,5.117189884185791
2026-05-05 13:52:05,5.246621131896973
2026-05-05 13:52:06,4.719782829284668
2026-05-05 13:52:29,4.99505090713501
2026-05-05 13:52:52,4.855593681335449
2026-05-05 13:53:17,4.899345397949219
2026-05-05 13:54:22,4.905725479125977
2026-05-05 13:54:37,5.348708152770996
2026-05-05 13:54:59,5.068881988525391
2026-05-05 13:55:10,5.057943820953369
2026-05-05 13:55:22,5.008723735809326
2026-05-05 13:55:36,5.209250450134277
2026-05-05 13:55:37,4.705198764801025
2026-05-05 13:55:52,4.984113693237305
2026-05-05 13:56:01,5.239329814910889
2026-05-05 13:56:36,4.696994781494141
2026-05-05 13:56:55,4.976820945739746
2026-05-05 13:57:16,5.2101616859436035
2026-05-05 13:57:28,4.691525936126709
2026-05-05 13:57:47,4.888407230377197
2026-05-05 13:57:53,5.23750638961792
2026-05-05 13:57:59,5.206516265869141
2026-05-05 13:58:10,4.694260597229004
2026-05-05 13:58:29,4.938539505004883
2026-05-05 13:58:45,5.267585754394531
2026-05-05 13:59:05,4.695172309875488
2026-05-05 13:59:36,4.901167869567871
2026-05-05 13:59:48,5.201958179473877
2026-05-05 13:59:58,5.080730438232422
2026-05-05 14:00:00,4.9285125732421875
2026-05-05 14:00:00,4.685145378112793
2026-05-05 14:00:23,5.189197540283203
2026-05-05 14:00:37,5.222011089324951
2026-05-05 14:00:38,4.678765296936035
2026-05-05 14:01:03,4.993228435516357
2026-05-05 14:01:18,5.189197540283203
2026-05-05 14:01:47,4.956768989562988
2026-05-05 14:02:12,4.674208164215088
2026-05-05 14:02:31,4.894787311553955
2026-05-05 14:02:40,5.231125831604004
2026-05-05 14:02:49,4.673295974731445
2026-05-05 14:03:45,4.863797187805176
2026-05-05 14:04:05,5.200135707855225
2026-05-05 14:04:34,4.992316246032715
2026-05-05 14:04:50,5.183728218078613
2026-05-05 14:05:21,4.663269996643066
2026-05-05 14:06:28,4.659624099731445
2026-05-05 14:06:29,5.0561203956604
2026-05-05 14:06:46,4.841010093688965
2026-05-05 14:07:45,4.758976459503174
2026-05-05 14:07:57,5.238417625427246
2026-05-05 14:08:20,5.178260326385498
2026-05-05 14:08:21,4.652331829071045
2026-05-05 14:09:09,4.863797187805176
2026-05-05 14:10:04,4.733454704284668
2026-05-05 14:10:19,5.141800880432129
2026-05-05 14:10:48,5.147269248962402
2026-05-05 14:10:49,4.643217086791992
2026-05-05 14:11:23,4.946742057800293
2026-05-05 14:11:31,5.119924545288086
2026-05-05 14:12:12,4.877470016479492
2026-05-05 14:13:01,5.16641092300415
2026-05-05 14:13:20,4.810019016265869
2026-05-05 14:13:41,4.8729119300842285
2026-05-05 14:13:53,4.933981418609619
2026-05-05 14:14:04,5.139066219329834
2026-05-05 14:14:15,4.637748718261719
2026-05-05 14:14:37,4.854681968688965
2026-05-05 14:14:51,5.149092197418213
2026-05-05 14:15:10,4.639571189880371
2026-05-05 14:15:40,4.62225341796875
2026-05-05 14:15:41,5.087111473083496
2026-05-05 14:16:00,5.11901330947876
2026-05-05 14:16:27,4.615872383117676
2026-05-05 14:18:20,4.776294231414795
2026-05-05 14:18:40,5.070704460144043
2026-05-05 14:19:00,4.956768989562988
2026-05-05 14:19:46,4.616784572601318
2026-05-05 14:20:01,5.021484375
2026-05-05 14:20:03,5.222011089324951
2026-05-05 14:20:14,5.058855056762695
2026-05-05 14:20:30,5.018749713897705
2026-05-05 14:20:49,4.603111743927002
2026-05-05 14:21:15,4.810019016265869
2026-05-05 14:21:22,5.139066219329834
2026-05-05 14:21:30,4.76535701751709
2026-05-05 14:22:12,4.807284355163574
2026-05-05 14:22:13,4.921220779418945
2026-05-05 14:22:15,4.618607044219971
2026-05-05 14:22:55,4.594909191131592
2026-05-05 14:22:57,4.926690101623535
2026-05-05 14:23:36,4.936716079711914
2026-05-05 14:23:38,4.593085765838623
2026-05-05 14:23:58,5.140888690948486
2026-05-05 14:25:01,4.988670349121094
2026-05-05 14:25:12,4.6040239334106445
2026-05-05 14:25:46,5.033333778381348
2026-05-05 14:26:18,4.9221320152282715
2026-05-05 14:26:35,4.579412937164307
2026-05-05 14:26:59,4.944919586181641
2026-05-05 14:27:01,4.5848822593688965
2026-05-05 14:27:24,4.796347141265869
2026-05-05 14:27:33,5.176436901092529
2026-05-05 14:28:05,4.581236362457275
2026-05-05 14:30:03,4.758976459503174
2026-05-05 14:30:48,4.986847877502441
2026-05-05 14:31:10,4.925777912139893
2026-05-05 14:32:03,5.0324225425720215
2026-05-05 14:32:23,4.8802032470703125
2026-05-05 14:32:36,4.563918113708496
2026-05-05 14:32:50,4.8173112869262695
2026-05-05 14:33:05,5.025130271911621
2026-05-05 14:33:15,4.560272216796875
2026-05-05 14:33:27,4.799081802368164
2026-05-05 14:33:34,5.07343864440918
2026-05-05 14:33:54,4.558449745178223
2026-05-05 14:34:13,4.801816463470459
2026-05-05 14:34:25,5.165498733520508
2026-05-05 14:34:44,4.553891658782959
2026-05-05 14:35:12,4.810019016265869
2026-05-05 14:35:18,5.082553863525391
2026-05-05 14:35:32,4.64139461517334
2026-05-05 14:36:19,4.8264265060424805
2026-05-05 14:36:33,5.127216815948486
2026-05-05 14:36:52,4.555715084075928
2026-05-05 14:37:19,4.831895351409912
2026-05-05 14:37:28,5.057032585144043
2026-05-05 14:37:41,4.782674789428711
2026-05-05 14:37:57,4.576679229736328
2026-05-05 14:37:58,5.064323902130127
2026-05-05 14:38:08,4.547511577606201
2026-05-05 14:38:21,4.788143634796143
2026-05-05 14:38:25,5.263027667999268
2026-05-05 14:38:40,4.549334526062012
2026-05-05 14:38:58,4.743480682373047
2026-05-05 14:39:13,5.097137451171875
2026-05-05 14:39:31,4.546600341796875
2026-05-05 14:40:28,4.737100124359131
2026-05-05 14:40:47,4.772648334503174
2026-05-05 14:40:56,4.567564487457275
2026-05-05 14:41:10,4.625899314880371
2026-05-05 14:42:09,4.763533592224121
2026-05-05 14:42:29,4.661446571350098
2026-05-05 14:42:43,4.54386568069458
2026-05-05 14:42:46,4.997785568237305
2026-05-05 14:43:20,4.828248977661133
2026-05-05 14:43:23,4.551156997680664
2026-05-05 14:43:55,4.608581066131592
2026-05-05 14:44:29,4.72160530090332
2026-05-05 14:44:45,5.036067962646484
2026-05-05 14:45:09,4.53657341003418
2026-05-05 14:45:27,4.649598121643066
2026-05-05 14:45:35,5.026041030883789
2026-05-05 14:45:47,5.006900310516357
2026-05-05 14:46:07,4.532927513122559
2026-05-05 14:46:13,4.690614700317383
2026-05-05 14:46:22,5.087111473083496
2026-05-05 14:46:31,4.550246238708496
2026-05-05 14:46:37,4.550246238708496
2026-05-05 14:46:38,5.015103816986084
2026-05-05 14:46:40,5.2457098960876465
2026-05-05 14:47:02,4.539307594299316
2026-05-05 14:47:03,5.140888690948486
2026-05-05 14:47:10,4.949476718902588
2026-05-05 14:47:23,4.534750938415527
2026-05-05 14:48:03,4.738012313842773
2026-05-05 14:48:14,5.037890434265137
2026-05-05 14:48:24,4.8309831619262695
2026-05-05 14:48:43,4.533838748931885
2026-05-05 14:48:55,5.021484375
2026-05-05 14:49:02,4.911194801330566
2026-05-05 14:49:15,4.530192852020264
2026-05-05 14:49:28,4.789967060089111
2026-05-05 14:49:37,5.112632751464844
2026-05-05 14:49:47,4.913017272949219
2026-05-05 14:49:48,4.531105041503906
2026-05-05 14:50:00,4.855593681335449
2026-05-05 14:50:14,5.102606773376465
2026-05-05 14:50:33,4.704287528991699
2026-05-05 14:51:02,4.688791275024414
2026-05-05 14:51:21,5.1773481369018555
2026-05-05 14:51:54,4.532016277313232
2026-05-05 14:52:04,4.825514316558838
2026-05-05 14:52:13,4.931246757507324
2026-05-05 14:52:19,4.5292816162109375
2026-05-05 14:52:29,4.661446571350098
2026-05-05 14:52:37,4.992316246032715
2026-05-05 14:52:47,4.525635719299316
2026-05-05 14:52:48,5.067969799041748
2026-05-05 14:52:59,4.5648298263549805
2026-05-05 14:53:07,4.8337178230285645
2026-05-05 14:53:16,5.016926288604736
2026-05-05 14:53:25,4.53657341003418
2026-05-05 14:53:35,4.861062526702881
2026-05-05 14:53:42,5.0324225425720215
2026-05-05 14:53:45,4.542042255401611
2026-05-05 14:54:00,4.814577102661133
2026-05-05 14:54:07,5.091668605804443
2026-05-05 14:54:13,4.547511577606201
2026-05-05 14:54:23,4.770825386047363
2026-05-05 14:54:27,5.036979675292969
2026-05-05 14:54:28,4.524724006652832
2026-05-05 14:54:36,4.728897571563721
2026-05-05 14:54:41,5.055209159851074
2026-05-05 14:54:42,4.528370380401611
2026-05-05 14:54:54,4.795435905456543
2026-05-05 14:55:01,5.088022708892822
2026-05-05 14:55:07,4.5292816162109375
2026-05-05 14:55:16,4.7772064208984375
2026-05-05 14:55:21,5.019660949707031
2026-05-05 14:55:27,4.745304107666016
2026-05-05 14:55:49,4.649598121643066
2026-05-05 14:55:56,5.015103816986084
2026-05-05 14:56:06,4.873823165893555
2026-05-05 14:56:17,4.523812770843506
2026-05-05 14:56:18,5.040625095367432
2026-05-05 14:56:23,4.898433208465576
2026-05-05 14:56:32,4.524724006652832
2026-05-05 14:56:41,4.7525954246521
2026-05-05 14:56:49,5.049739837646484
2026-05-05 14:56:55,4.525635719299316
2026-05-05 14:57:04,4.561183452606201
2026-05-05 14:57:09,5.055209159851074
2026-05-05 14:57:22,4.5219902992248535
2026-05-05 14:57:29,4.785408973693848
2026-05-05 14:57:34,5.062500953674316
2026-05-05 14:57:40,4.5219902992248535
2026-05-05 14:57:49,4.767179489135742
2026-05-05 14:57:56,5.075262069702148
2026-05-05 14:58:02,4.527458190917969
2026-05-05 14:58:11,4.63592529296875
2026-05-05 14:58:15,5.107163906097412
2026-05-05 14:58:21,4.717959403991699
2026-05-05 14:58:32,4.624075889587402
2026-05-05 14:58:40,5.115367412567139
2026-05-05 14:58:45,4.8729119300842285
2026-05-05 14:58:52,4.524724006652832
2026-05-05 14:58:58,4.809107780456543
2026-05-05 14:59:00,5.029687881469727
2026-05-05 14:59:01,4.544776916503906
2026-05-05 14:59:09,4.763533592224121
2026-05-05 14:59:15,4.992316246032715
2026-05-05 14:59:23,4.533838748931885
2026-05-05 14:59:32,4.725250720977783
2026-05-05 14:59:39,5.096226692199707
2026-05-05 14:59:46,4.521078109741211
2026-05-05 14:59:58,4.696084022521973
2026-05-05 15:00:06,4.988670349121094
2026-05-05 15:00:17,4.7598876953125
2026-05-05 15:00:49,4.530192852020264
2026-05-05 15:00:56,5.0041656494140625
2026-05-05 15:01:10,4.940361976623535
2026-05-05 15:01:22,4.514698028564453
2026-05-05 15:01:42,4.771737098693848
2026-05-05 15:01:50,5.119924545288086
2026-05-05 15:02:04,4.7161359786987305
2026-05-05 15:02:23,4.627721786499023
2026-05-05 15:02:33,5.060678482055664
2026-05-05 15:03:00,4.515608787536621
2026-05-05 15:03:18,5.041537284851074
2026-05-05 15:03:23,4.519255638122559
2026-05-05 15:03:39,4.695172309875488
2026-05-05 15:03:48,4.985936164855957
2026-05-05 15:03:49,4.506494045257568
2026-05-05 15:04:08,4.832806587219238
2026-05-05 15:04:19,5.005989074707031
2026-05-05 15:04:32,4.547511577606201
2026-05-05 15:04:57,4.707021236419678
2026-05-05 15:05:46,4.6669158935546875
2026-05-05 15:05:56,5.067969799041748
2026-05-05 15:06:18,4.758064270019531
2026-05-05 15:06:21,4.5848822593688965
2026-05-05 15:06:36,4.982290267944336
2026-05-05 15:06:42,5.101694583892822
2026-05-05 15:06:43,4.504671573638916
2026-05-05 15:07:15,4.659624099731445
2026-05-05 15:07:33,4.903902053833008
2026-05-05 15:07:53,4.917574882507324
2026-05-05 15:08:20,4.505582809448242
2026-05-05 15:08:50,5.023307800292969
2026-05-05 15:09:19,4.505582809448242
2026-05-05 15:09:43,4.68149995803833
2026-05-05 15:09:54,5.062500953674316
2026-05-05 15:10:09,4.505582809448242
2026-05-05 15:10:51,4.8337178230285645
2026-05-05 15:11:01,5.0397138595581055
2026-05-05 15:11:18,4.705198764801025
2026-05-05 15:11:41,4.682411193847656
2026-05-05 15:12:00,4.998696804046631
2026-05-05 15:12:15,4.507406234741211
2026-05-05 15:13:01,4.497379302978516
2026-05-05 15:13:02,5.051563262939453
2026-05-05 15:13:27,4.506494045257568
2026-05-05 15:14:27,4.769913673400879
2026-05-05 15:14:40,5.071615695953369
2026-05-05 15:14:55,4.970440864562988
2026-05-05 15:15:11,4.785408973693848
2026-05-05 15:15:39,4.491910934448242
2026-05-05 15:15:53,4.629545211791992
2026-05-05 15:16:01,4.969529628753662
2026-05-05 15:16:08,4.822780609130859
2026-05-05 15:16:20,4.495556831359863
2026-05-05 15:16:39,4.499202728271484
2026-05-05 15:16:41,5.049739837646484
2026-05-05 15:17:31,4.882026672363281
2026-05-05 15:17:51,4.847390651702881
2026-05-05 15:18:24,5.023307800292969
2026-05-05 15:18:25,4.488264560699463
2026-05-05 15:18:26,5.058855056762695
2026-05-05 15:18:34,4.974086761474609
