datetime,temp_C
2026-04-28 07:12:38,22.8
2026-04-28 07:12:54,22.7
2026-04-28 07:13:10,22.8
2026-04-28 07:13:26,22.7
2026-04-28 07:13:42,22.1
2026-04-28 07:13:58,21.9
2026-04-28 07:14:14,22.0
2026-04-28 07:14:30,22.0
2026-04-28 07:14:46,22.1
2026-04-28 07:15:02,22.1
2026-04-28 07:15:18,22.2
2026-04-28 07:15:34,22.2
2026-04-28 07:15:50,22.2
2026-04-28 07:16:06,22.3
2026-04-28 07:16:22,22.3
2026-04-28 07:16:38,22.3
2026-04-28 07:16:54,22.4
2026-04-28 07:17:10,22.4
2026-04-28 07:17:26,22.4
2026-04-28 07:17:42,22.4
2026-04-28 07:17:58,22.5
2026-04-28 07:18:14,22.5
2026-04-28 07:18:30,22.5
2026-04-28 07:18:46,22.5
2026-04-28 07:19:02,22.5
2026-04-28 07:19:18,22.5
2026-04-28 07:19:34,22.5
2026-04-28 07:19:50,22.5
2026-04-28 07:20:06,22.5
2026-04-28 07:20:22,22.5
2026-04-28 07:20:38,22.5
2026-04-28 07:20:54,22.5
2026-04-28 07:21:10,22.5
2026-04-28 07:21:26,22.6
2026-04-28 07:21:42,22.6
2026-04-28 07:21:58,22.6
2026-04-28 07:22:14,22.6
2026-04-28 07:22:30,22.6
2026-04-28 07:22:46,22.6
2026-04-28 07:23:02,22.5
2026-04-28 07:23:18,22.6
2026-04-28 07:23:34,22.6
2026-04-28 07:23:50,22.6
2026-04-28 07:24:06,22.6
2026-04-28 07:24:22,22.6
2026-04-28 07:24:38,22.6
2026-04-28 07:24:54,22.6
2026-04-28 07:25:10,22.6
2026-04-28 07:25:26,22.6
2026-04-28 07:25:42,20.3
2026-04-28 07:25:58,10.2
2026-04-28 07:26:14,9.0
2026-04-28 07:26:30,8.9
2026-04-28 07:26:46,8.9
2026-04-28 07:27:02,8.8
2026-04-28 07:27:18,8.8
2026-04-28 07:27:34,8.8
2026-04-28 07:27:50,8.8
2026-04-28 07:28:06,8.8
2026-04-28 07:28:22,8.8
2026-04-28 07:28:38,8.8
2026-04-28 07:28:54,8.9
2026-04-28 07:29:10,8.8
2026-04-28 07:29:26,8.8
2026-04-28 07:29:42,8.8
2026-04-28 07:29:58,8.9
2026-04-28 07:30:14,8.9
2026-04-28 07:30:30,8.9
2026-04-28 07:30:46,9.4
2026-04-28 07:31:02,10.0
2026-04-28 07:31:18,10.6
2026-04-28 07:31:34,11.4
2026-04-28 07:31:50,12.1
2026-04-28 07:32:06,12.8
2026-04-28 07:32:22,13.6
2026-04-28 07:32:38,14.3
2026-04-28 07:32:54,15.0
2026-04-28 07:33:10,15.7
2026-04-28 07:33:26,16.4
2026-04-28 07:33:42,17.2
2026-04-28 07:33:58,18.0
2026-04-28 07:34:14,18.7
2026-04-28 07:34:30,19.5
2026-04-28 07:34:46,20.3
2026-04-28 07:35:02,21.1
2026-04-28 07:35:18,21.9
2026-04-28 07:35:34,22.7
2026-04-28 07:35:50,23.4
2026-04-28 07:36:06,24.2
2026-04-28 07:36:22,25.0
2026-04-28 07:36:38,25.9
2026-04-28 07:36:54,26.7
2026-04-28 07:37:10,27.6
2026-04-28 07:37:26,28.5
2026-04-28 07:37:42,29.3
2026-04-28 07:37:58,30.4
2026-04-28 07:38:14,31.3
2026-04-28 07:38:30,32.2
2026-04-28 07:38:46,32.7
2026-04-28 07:39:02,32.7
2026-04-28 07:39:18,32.8
2026-04-28 07:39:34,32.8
2026-04-28 07:39:50,32.8
2026-04-28 07:40:06,32.9
2026-04-28 07:40:22,32.9
2026-04-28 07:40:38,32.9
2026-04-28 07:40:54,32.9
2026-04-28 07:41:10,33.0
2026-04-28 07:41:26,33.0
2026-04-28 07:41:42,33.0
2026-04-28 07:41:58,33.0
2026-04-28 07:42:14,33.0
2026-04-28 07:42:30,33.0
2026-04-28 07:42:46,33.0
2026-04-28 07:43:02,33.0
2026-04-28 07:43:18,33.1
2026-04-28 07:43:34,33.1
2026-04-28 07:43:50,33.1
2026-04-28 07:44:06,33.1
2026-04-28 07:44:22,33.1
2026-04-28 07:44:38,33.1
2026-04-28 07:44:54,33.1
2026-04-28 07:45:10,33.1
2026-04-28 07:45:26,33.1
2026-04-28 07:45:42,33.1
2026-04-28 07:45:58,33.1
2026-04-28 07:46:14,33.1
2026-04-28 07:46:30,33.1
2026-04-28 07:46:46,33.2
2026-04-28 07:47:02,33.1
2026-04-28 07:47:18,33.1
2026-04-28 07:47:34,33.1
2026-04-28 07:47:50,33.2
2026-04-28 07:48:06,33.1
2026-04-28 07:48:22,33.1
2026-04-28 07:48:38,33.1
2026-04-28 07:48:54,33.1
2026-04-28 07:49:10,33.2
2026-04-28 07:49:26,33.1
2026-04-28 07:49:42,33.2
2026-04-28 07:49:58,33.2
2026-04-28 07:50:14,33.2
2026-04-28 07:50:30,33.2
2026-04-28 07:50:46,33.1
2026-04-28 07:51:02,33.2
2026-04-28 07:51:18,33.2
2026-04-28 07:51:34,33.2
2026-04-28 07:51:50,33.2
2026-04-28 07:52:06,33.2
2026-04-28 07:52:22,33.2
2026-04-28 07:52:38,33.2
2026-04-28 07:52:54,33.2
2026-04-28 07:53:10,33.2
2026-04-28 07:53:26,33.2
2026-04-28 07:53:42,33.2
2026-04-28 07:53:58,33.3
2026-04-28 07:54:14,33.2
2026-04-28 07:54:30,33.3
2026-04-28 07:54:46,33.2
2026-04-28 07:55:02,33.3
2026-04-28 07:55:18,33.2
2026-04-28 07:55:34,33.2
2026-04-28 07:55:50,33.2
2026-04-28 07:56:06,33.2
2026-04-28 07:56:22,33.3
2026-04-28 07:56:38,33.3
2026-04-28 07:56:54,33.3
2026-04-28 07:57:10,33.3
2026-04-28 07:57:26,33.3
2026-04-28 07:57:42,33.2
2026-04-28 07:57:58,33.2
2026-04-28 07:58:14,33.2
2026-04-28 07:58:30,33.2
2026-04-28 07:58:46,33.3
2026-04-28 07:59:02,33.3
2026-04-28 07:59:18,33.3
2026-04-28 07:59:34,33.3
2026-04-28 07:59:50,33.3
2026-04-28 08:00:06,33.3
2026-04-28 08:00:22,33.2
2026-04-28 08:00:38,33.3
2026-04-28 08:00:54,33.2
2026-04-28 08:01:10,33.2
2026-04-28 08:01:26,33.2
2026-04-28 08:01:42,33.2
2026-04-28 08:01:58,33.2
2026-04-28 08:02:14,33.3
2026-04-28 08:02:30,33.2
2026-04-28 08:02:46,33.2
2026-04-28 08:03:02,33.3
2026-04-28 08:03:18,33.2
2026-04-28 08:03:34,33.2
2026-04-28 08:03:50,33.2
2026-04-28 08:04:06,33.3
2026-04-28 08:04:22,33.3
2026-04-28 08:04:38,33.2
2026-04-28 08:04:54,33.2
2026-04-28 08:05:10,33.2
2026-04-28 08:05:26,33.3
2026-04-28 08:05:42,33.3
2026-04-28 08:05:58,33.3
2026-04-28 08:06:14,33.2
2026-04-28 08:06:30,33.2
2026-04-28 08:06:46,33.3
2026-04-28 08:07:02,33.3
2026-04-28 08:07:18,33.3
2026-04-28 08:07:34,33.3
2026-04-28 08:07:50,33.3
2026-04-28 08:08:06,33.3
2026-04-28 08:08:22,33.3
2026-04-28 08:08:38,33.3
2026-04-28 08:08:54,33.3
2026-04-28 08:09:10,33.2
2026-04-28 08:09:26,33.3
2026-04-28 08:09:42,33.2
2026-04-28 08:09:58,33.2
2026-04-28 08:10:14,33.2
2026-04-28 08:10:30,33.2
2026-04-28 08:10:46,33.2
2026-04-28 08:11:02,28.3
2026-04-28 08:11:18,25.8
2026-04-28 08:11:34,34.4
2026-04-28 08:11:50,34.2
2026-04-28 08:12:06,35.6
2026-04-28 08:12:22,36.5
2026-04-28 08:12:38,36.5
2026-04-28 08:12:54,32.7
2026-04-28 08:13:10,26.3
2026-04-28 08:13:26,21.0
2026-04-28 08:13:42,24.5
2026-04-28 08:13:58,31.6
2026-04-28 08:14:14,33.2
2026-04-28 08:14:30,33.4
2026-04-28 08:14:46,28.1
2026-04-28 08:15:02,22.9
2026-04-28 08:15:18,20.6
2026-04-28 08:15:34,29.7
2026-04-28 08:15:50,32.8
2026-04-28 08:16:06,33.2
2026-04-28 08:16:22,33.2
2026-04-28 08:16:38,33.3
2026-04-28 08:16:54,33.2
2026-04-28 08:17:10,33.3
2026-04-28 08:17:26,33.2
2026-04-28 08:17:42,33.3
2026-04-28 08:17:58,33.3
2026-04-28 08:18:14,33.2
2026-04-28 08:18:30,33.2
2026-04-28 08:18:46,33.2
2026-04-28 08:19:02,33.2
2026-04-28 08:19:18,33.2
2026-04-28 08:19:34,33.2
2026-04-28 08:19:50,33.2
2026-04-28 08:20:06,33.2
2026-04-28 08:20:22,33.2
2026-04-28 08:20:38,33.2
2026-04-28 08:20:54,33.2
2026-04-28 08:21:10,33.2
2026-04-28 08:21:26,33.2
2026-04-28 08:21:42,33.2
2026-04-28 08:21:58,33.2
2026-04-28 08:22:14,33.3
2026-04-28 08:22:30,33.2
2026-04-28 08:22:46,33.2
2026-04-28 08:23:02,33.2
2026-04-28 08:23:18,33.2
2026-04-28 08:23:34,33.2
2026-04-28 08:23:50,33.2
2026-04-28 08:24:06,33.2
2026-04-28 08:24:22,33.2
2026-04-28 08:24:38,33.2
2026-04-28 08:24:54,33.2
2026-04-28 08:25:10,33.2
2026-04-28 08:25:26,33.2
2026-04-28 08:25:42,33.2
2026-04-28 08:25:58,33.2
2026-04-28 08:26:14,33.2
2026-04-28 08:26:30,33.2
2026-04-28 08:26:46,33.2
2026-04-28 08:27:02,33.2
2026-04-28 08:27:18,33.2
2026-04-28 08:27:34,33.2
2026-04-28 08:27:50,33.2
2026-04-28 08:28:06,33.2
2026-04-28 08:28:22,33.1
2026-04-28 08:28:38,33.2
2026-04-28 08:28:54,33.1
2026-04-28 08:29:10,33.1
2026-04-28 08:29:26,33.1
2026-04-28 08:29:42,33.1
2026-04-28 08:29:58,33.2
2026-04-28 08:30:14,33.1
2026-04-28 08:30:30,33.2
2026-04-28 08:30:46,33.1
2026-04-28 08:31:02,33.1
2026-04-28 08:31:18,33.1
2026-04-28 08:31:34,33.1
2026-04-28 08:31:50,33.1
2026-04-28 08:32:06,33.1
2026-04-28 08:32:22,33.2
2026-04-28 08:32:38,33.1
2026-04-28 08:32:54,33.1
2026-04-28 08:33:10,33.1
2026-04-28 08:33:26,33.1
2026-04-28 08:33:42,33.1
2026-04-28 08:33:58,33.1
2026-04-28 08:34:14,33.1
2026-04-28 08:34:30,30.4
2026-04-28 08:34:46,32.3
2026-04-28 08:35:02,33.0
2026-04-28 08:35:18,33.1
2026-04-28 08:35:34,33.1
2026-04-28 08:35:50,33.1
2026-04-28 08:36:06,33.1
2026-04-28 08:36:22,33.1
2026-04-28 08:36:38,33.1
2026-04-28 08:36:54,33.1
2026-04-28 08:37:10,33.1
2026-04-28 08:37:26,33.1
2026-04-28 08:37:42,33.1
2026-04-28 08:37:58,33.1
2026-04-28 08:38:14,33.1
2026-04-28 08:38:30,33.0
2026-04-28 08:38:46,33.0
2026-04-28 08:39:02,33.1
2026-04-28 08:39:18,33.1
2026-04-28 08:39:34,33.0
2026-04-28 08:39:50,33.0
2026-04-28 08:40:06,33.1
2026-04-28 08:40:22,33.1
2026-04-28 08:40:38,33.1
2026-04-28 08:40:54,33.1
2026-04-28 08:41:10,33.0
2026-04-28 08:41:26,33.0
2026-04-28 08:41:42,33.1
2026-04-28 08:41:58,33.0
2026-04-28 08:42:14,33.0
2026-04-28 08:42:30,33.1
2026-04-28 08:42:46,33.0
2026-04-28 08:43:02,33.0
2026-04-28 08:43:18,33.1
2026-04-28 08:43:34,33.1
2026-04-28 08:43:50,33.1
2026-04-28 08:44:06,33.0
2026-04-28 08:44:22,33.0
2026-04-28 08:44:38,33.0
2026-04-28 08:44:54,33.0
2026-04-28 08:45:10,33.1
2026-04-28 08:45:26,33.1
2026-04-28 08:45:42,33.0
2026-04-28 08:45:58,33.0
2026-04-28 08:46:14,33.0
2026-04-28 08:46:30,33.0
2026-04-28 08:46:46,33.0
2026-04-28 08:47:02,33.0
2026-04-28 08:47:18,33.0
2026-04-28 08:47:34,33.0
2026-04-28 08:47:50,33.0
2026-04-28 08:48:06,33.0
2026-04-28 08:48:22,33.0
2026-04-28 08:48:38,33.0
2026-04-28 08:48:54,33.0
2026-04-28 08:49:10,33.0
2026-04-28 08:49:26,32.9
2026-04-28 08:49:42,33.0
2026-04-28 08:49:58,33.0
2026-04-28 08:50:14,33.0
2026-04-28 08:50:30,33.0
2026-04-28 08:50:46,32.9
2026-04-28 08:51:02,32.9
2026-04-28 08:51:18,32.9
2026-04-28 08:51:34,33.0
2026-04-28 08:51:50,32.9
2026-04-28 08:52:06,32.9
2026-04-28 08:52:22,32.9
2026-04-28 08:52:38,32.9
2026-04-28 08:52:54,33.0
2026-04-28 08:53:10,33.0
2026-04-28 08:53:26,32.9
2026-04-28 08:53:42,33.0
2026-04-28 08:53:58,33.0
2026-04-28 08:54:14,32.9
2026-04-28 08:54:30,32.9
2026-04-28 08:54:46,32.9
2026-04-28 08:55:02,32.9
2026-04-28 08:55:18,32.9
2026-04-28 08:55:34,32.9
2026-04-28 08:55:50,32.9
2026-04-28 08:56:06,32.9
2026-04-28 08:56:22,32.9
2026-04-28 08:56:38,33.0
2026-04-28 08:56:54,32.9
2026-04-28 08:57:10,32.9
2026-04-28 08:57:26,32.9
2026-04-28 08:57:42,33.0
2026-04-28 08:57:58,33.0
2026-04-28 08:58:14,32.9
2026-04-28 08:58:30,28.1
2026-04-28 08:58:46,24.1
2026-04-28 08:59:02,22.0
2026-04-28 08:59:18,20.4
2026-04-28 08:59:34,19.1
2026-04-28 08:59:50,18.2
2026-04-28 09:00:06,18.0
2026-04-28 09:00:22,17.8
2026-04-28 09:00:38,17.7
2026-04-28 09:00:54,17.7
2026-04-28 09:01:10,17.8
2026-04-28 09:01:26,17.9
2026-04-28 09:01:42,18.1
2026-04-28 09:01:58,18.2
2026-04-28 09:02:14,18.2
2026-04-28 09:02:30,18.3
2026-04-28 09:02:46,18.4
2026-04-28 09:03:02,18.4
2026-04-28 09:03:18,18.5
2026-04-28 09:03:34,18.6
2026-04-28 09:03:50,18.8
2026-04-28 09:04:06,18.9
2026-04-28 09:04:22,19.1
2026-04-28 09:04:38,19.3
2026-04-28 09:04:54,19.5
2026-04-28 09:05:10,19.6
2026-04-28 09:05:26,19.7
2026-04-28 09:05:42,19.9
2026-04-28 09:05:58,20.1
2026-04-28 09:06:14,20.4
2026-04-28 09:06:30,20.6
2026-04-28 09:06:46,20.7
2026-04-28 09:07:02,20.8
2026-04-28 09:07:18,21.0
2026-04-28 09:07:34,21.0
2026-04-28 09:07:50,21.1
2026-04-28 09:08:06,21.3
2026-04-28 09:08:22,21.4
2026-04-28 09:08:38,21.5
2026-04-28 09:08:54,21.6
2026-04-28 09:09:10,21.6
2026-04-28 09:09:26,21.7
2026-04-28 09:09:42,21.7
2026-04-28 09:09:58,21.7
2026-04-28 09:10:14,21.8
2026-04-28 09:10:30,21.8
2026-04-28 09:10:46,21.9
2026-04-28 09:11:02,21.9
2026-04-28 09:11:18,22.0
2026-04-28 09:11:34,28.8
2026-04-28 09:11:50,32.1
2026-04-28 09:12:06,31.8
2026-04-28 09:12:22,26.5
2026-04-28 09:12:38,24.1
2026-04-28 09:12:54,22.5
2026-04-28 09:13:10,21.2
2026-04-28 09:13:26,20.3
2026-04-28 09:13:42,19.8
2026-04-28 09:13:58,19.6
2026-04-28 09:14:14,19.3
2026-04-28 09:14:30,19.1
2026-04-28 09:14:46,19.1
2026-04-28 09:15:02,19.1
2026-04-28 09:15:18,19.0
2026-04-28 09:15:34,19.1
2026-04-28 09:15:50,19.1
2026-04-28 09:16:06,19.1
2026-04-28 09:16:22,19.3
2026-04-28 09:16:38,30.2
2026-04-28 09:16:54,29.9
2026-04-28 09:17:10,24.9
2026-04-28 09:17:26,23.6
2026-04-28 09:17:42,33.1
2026-04-28 09:17:58,34.7
2026-04-28 09:18:14,34.9
2026-04-28 09:18:30,34.8
2026-04-28 09:18:46,34.7
2026-04-28 09:19:02,34.6
2026-04-28 09:19:18,34.5
2026-04-28 09:19:34,34.5
2026-04-28 09:19:50,34.4
2026-04-28 09:20:06,33.3
2026-04-28 09:20:22,32.7
2026-04-28 09:20:38,31.6
2026-04-28 09:20:54,30.9
2026-04-28 09:21:10,30.9
2026-04-28 09:21:26,31.6
2026-04-28 09:21:42,31.8
2026-04-28 09:21:58,31.8
2026-04-28 09:22:14,31.8
2026-04-28 09:22:30,31.8
2026-04-28 09:22:46,31.5
2026-04-28 09:23:02,31.7
2026-04-28 09:23:18,31.7
2026-04-28 09:23:34,31.8
2026-04-28 09:23:50,31.8
2026-04-28 09:24:06,31.8
2026-04-28 09:24:22,26.0
2026-04-28 09:24:38,30.1
2026-04-28 09:24:54,32.2
2026-04-28 09:25:10,32.5
2026-04-28 09:25:26,32.5
2026-04-28 09:25:42,32.5
2026-04-28 09:25:58,32.5
2026-04-28 09:26:14,32.5
2026-04-28 09:26:30,32.5
2026-04-28 09:26:46,32.5
2026-04-28 09:27:02,32.5
2026-04-28 09:27:18,32.5
2026-04-28 09:27:34,32.4
2026-04-28 09:27:50,32.4
2026-04-28 09:28:06,32.3
2026-04-28 09:28:22,32.3
2026-04-28 09:28:38,32.3
2026-04-28 09:28:54,32.3
2026-04-28 09:29:10,32.3
2026-04-28 09:29:26,32.3
2026-04-28 09:29:42,32.3
2026-04-28 09:29:58,32.5
2026-04-28 09:30:14,32.8
2026-04-28 09:30:30,33.2
2026-04-28 09:30:46,33.6
2026-04-28 09:31:02,33.9
2026-04-28 09:31:18,34.0
2026-04-28 09:31:34,34.0
2026-04-28 09:31:50,34.0
2026-04-28 09:32:06,34.0
2026-04-28 09:32:22,34.0
2026-04-28 09:32:38,34.0
2026-04-28 09:32:54,34.0
2026-04-28 09:33:10,34.0
2026-04-28 09:33:26,34.1
2026-04-28 09:33:42,34.2
2026-04-28 09:33:58,34.3
2026-04-28 09:34:14,34.2
2026-04-28 09:34:30,34.2
2026-04-28 09:34:46,34.3
2026-04-28 09:35:02,34.4
2026-04-28 09:35:18,34.5
2026-04-28 09:35:34,34.5
2026-04-28 09:35:50,34.5
2026-04-28 09:36:06,34.5
2026-04-28 09:36:22,34.6
2026-04-28 09:36:38,34.6
2026-04-28 09:36:54,34.6
2026-04-28 09:37:10,34.7
2026-04-28 09:37:26,35.0
2026-04-28 09:37:42,35.0
2026-04-28 09:37:58,35.0
2026-04-28 09:38:14,35.0
2026-04-28 09:38:30,35.0
2026-04-28 09:38:46,35.0
2026-04-28 09:39:02,35.1
2026-04-28 09:39:18,35.1
2026-04-28 09:39:34,35.3
2026-04-28 09:39:50,35.4
2026-04-28 09:40:06,35.4
2026-04-28 09:40:22,35.4
2026-04-28 09:40:38,35.4
2026-04-28 09:40:54,35.4
2026-04-28 09:41:10,35.4
2026-04-28 09:41:26,35.4
2026-04-28 09:41:42,35.4
2026-04-28 09:41:58,35.4
2026-04-28 09:42:14,35.4
2026-04-28 09:42:30,35.5
2026-04-28 09:42:46,35.5
2026-04-28 09:43:02,35.6
2026-04-28 09:43:18,35.6
2026-04-28 09:43:34,35.6
2026-04-28 09:43:50,35.7
2026-04-28 09:44:06,35.7
2026-04-28 09:44:22,35.7
2026-04-28 09:44:38,35.7
2026-04-28 09:44:54,35.7
2026-04-28 09:45:10,35.7
2026-04-28 09:45:26,35.8
2026-04-28 09:45:42,35.8
2026-04-28 09:45:58,35.8
2026-04-28 09:46:14,35.9
2026-04-28 09:46:30,35.8
2026-04-28 09:46:46,35.9
2026-04-28 09:47:02,35.9
2026-04-28 09:47:18,36.0
2026-04-28 09:47:34,36.0
2026-04-28 09:47:50,36.0
2026-04-28 09:48:06,36.0
2026-04-28 09:48:22,36.1
2026-04-28 09:48:38,36.1
2026-04-28 09:48:54,36.2
2026-04-28 09:49:10,36.2
2026-04-28 09:49:26,36.3
2026-04-28 09:49:42,36.3
2026-04-28 09:49:58,36.4
2026-04-28 09:50:14,36.4
2026-04-28 09:50:30,36.5
2026-04-28 09:50:46,36.6
2026-04-28 09:51:02,36.6
2026-04-28 09:51:18,36.7
2026-04-28 09:51:34,36.8
2026-04-28 09:51:50,36.9
2026-04-28 09:52:06,36.9
2026-04-28 09:52:22,37.1
2026-04-28 09:52:38,37.4
2026-04-28 09:52:54,37.5
2026-04-28 09:53:10,37.6
2026-04-28 09:53:26,37.6
2026-04-28 09:53:42,37.7
2026-04-28 09:53:58,37.7
2026-04-28 09:54:14,37.7
2026-04-28 09:54:30,37.8
2026-04-28 09:54:46,37.8
2026-04-28 09:55:02,38.1
2026-04-28 09:55:18,38.2
2026-04-28 09:55:34,38.2
2026-04-28 09:55:50,38.2
2026-04-28 09:56:06,38.3
2026-04-28 09:56:22,38.3
2026-04-28 09:56:38,38.4
2026-04-28 09:56:54,38.4
2026-04-28 09:57:10,38.4
2026-04-28 09:57:26,38.6
2026-04-28 09:57:42,38.7
2026-04-28 09:57:58,38.8
2026-04-28 09:58:14,39.0
2026-04-28 09:58:30,39.1
2026-04-28 09:58:46,39.2
2026-04-28 09:59:02,39.2
2026-04-28 09:59:18,39.3
2026-04-28 09:59:34,39.4
2026-04-28 09:59:50,39.6
2026-04-28 10:00:06,39.7
2026-04-28 10:00:22,39.7
2026-04-28 10:00:38,39.8
2026-04-28 10:00:54,39.8
2026-04-28 10:01:10,39.9
2026-04-28 10:01:26,39.9
2026-04-28 10:01:42,40.0
2026-04-28 10:01:58,40.0
2026-04-28 10:02:14,40.0
2026-04-28 10:02:30,40.1
2026-04-28 10:02:46,40.1
2026-04-28 10:03:02,40.2
2026-04-28 10:03:18,40.3
2026-04-28 10:03:34,40.4
2026-04-28 10:03:50,40.5
2026-04-28 10:04:06,40.5
2026-04-28 10:04:22,40.5
2026-04-28 10:04:38,40.4
2026-04-28 10:04:54,40.5
2026-04-28 10:05:10,40.5
2026-04-28 10:05:26,40.6
2026-04-28 10:05:42,40.5
2026-04-28 10:05:58,40.5
2026-04-28 10:06:14,40.6
2026-04-28 10:06:30,40.6
2026-04-28 10:06:46,40.6
2026-04-28 10:07:02,40.6
2026-04-28 10:07:18,40.5
2026-04-28 10:07:34,40.6
2026-04-28 10:07:50,40.5
2026-04-28 10:08:06,40.5
2026-04-28 10:08:22,40.5
2026-04-28 10:08:38,40.5
2026-04-28 10:08:54,40.6
2026-04-28 10:09:10,40.5
2026-04-28 10:09:26,40.5
2026-04-28 10:09:42,40.5
2026-04-28 10:09:58,40.5
2026-04-28 10:10:14,40.6
2026-04-28 10:10:30,40.5
2026-04-28 10:10:46,40.5
2026-04-28 10:11:02,40.5
2026-04-28 10:11:18,40.5
2026-04-28 10:11:34,40.4
2026-04-28 10:11:50,40.5
2026-04-28 10:12:06,40.5
2026-04-28 10:12:22,40.5
2026-04-28 10:12:38,40.5
2026-04-28 10:12:54,40.5
2026-04-28 10:13:10,40.5
2026-04-28 10:13:26,40.5
2026-04-28 10:13:42,40.4
2026-04-28 10:13:58,40.4
2026-04-28 10:14:14,32.5
2026-04-28 10:14:30,28.2
2026-04-28 10:14:46,25.5
2026-04-28 10:15:02,23.3
2026-04-28 10:15:18,21.6
2026-04-28 10:15:34,20.5
2026-04-28 10:15:50,19.9
2026-04-28 10:16:06,19.6
2026-04-28 10:16:22,19.2
2026-04-28 10:16:38,19.0
2026-04-28 10:16:54,18.9
2026-04-28 10:17:10,18.9
2026-04-28 10:17:26,18.8
2026-04-28 10:17:42,18.9
2026-04-28 10:17:58,18.9
2026-04-28 10:18:14,18.8
2026-04-28 10:18:30,18.8
2026-04-28 10:18:46,18.8
2026-04-28 10:19:02,18.8
2026-04-28 10:19:18,18.9
2026-04-28 10:19:34,19.0
2026-04-28 10:19:50,19.1
2026-04-28 10:20:06,19.1
2026-04-28 10:20:22,19.2
2026-04-28 10:20:38,19.3
2026-04-28 10:20:54,19.4
2026-04-28 10:21:10,19.4
2026-04-28 10:21:26,19.5
2026-04-28 10:21:42,19.5
2026-04-28 10:21:58,19.6
2026-04-28 10:22:14,19.7
2026-04-28 10:22:30,19.7
2026-04-28 10:22:46,19.8
2026-04-28 10:23:02,19.9
2026-04-28 10:23:18,19.9
2026-04-28 10:23:34,20.0
2026-04-28 10:23:50,20.1
2026-04-28 10:24:06,20.1
2026-04-28 10:24:22,20.2
2026-04-28 10:24:38,20.2
2026-04-28 10:24:54,20.3
2026-04-28 10:25:10,20.3
2026-04-28 10:25:26,20.4
2026-04-28 10:25:42,20.4
2026-04-28 10:25:58,20.4
2026-04-28 10:26:14,20.5
2026-04-28 10:26:30,20.5
2026-04-28 10:26:46,20.6
2026-04-28 10:27:02,20.6
2026-04-28 10:27:18,20.7
2026-04-28 10:27:34,20.7
2026-04-28 10:27:50,20.7
2026-04-28 10:28:06,20.8
2026-04-28 10:28:22,20.9
2026-04-28 10:28:38,21.0
2026-04-28 10:28:54,21.0
2026-04-28 10:29:10,21.1
2026-04-28 10:29:26,21.1
2026-04-28 10:29:42,21.1
2026-04-28 10:29:58,21.1
2026-04-28 10:30:14,21.2
2026-04-28 10:30:30,21.3
2026-04-28 10:30:46,21.3
2026-04-28 10:31:02,21.4
2026-04-28 10:31:18,21.4
2026-04-28 10:31:34,21.5
2026-04-28 10:31:50,21.6
2026-04-28 10:32:06,21.7
2026-04-28 10:32:22,21.8
2026-04-28 10:32:38,21.8
2026-04-28 10:32:54,21.8
2026-04-28 10:33:10,21.9
2026-04-28 10:33:26,21.8
2026-04-28 10:33:42,21.9
2026-04-28 10:33:58,22.0
2026-04-28 10:34:14,22.0
2026-04-28 10:34:30,22.0
2026-04-28 10:34:46,22.0
2026-04-28 10:35:02,22.0
2026-04-28 10:35:18,22.1
2026-04-28 10:35:34,22.1
2026-04-28 10:35:50,22.1
2026-04-28 10:36:06,22.2
2026-04-28 10:36:22,22.2
2026-04-28 10:36:38,22.2
2026-04-28 10:36:54,22.3
2026-04-28 10:37:10,22.3
2026-04-28 10:37:26,22.4
2026-04-28 10:37:42,51.8
2026-04-28 10:37:58,65.5
2026-04-28 10:38:14,68.4
2026-04-28 10:38:30,69.7
2026-04-28 10:38:46,70.5
2026-04-28 10:39:02,71.3
2026-04-28 10:39:18,72.2
2026-04-28 10:39:34,73.1
2026-04-28 10:39:50,74.0
2026-04-28 10:40:06,74.8
2026-04-28 10:40:22,75.8
2026-04-28 10:40:38,76.7
2026-04-28 10:40:54,77.7
2026-04-28 10:41:10,78.4
2026-04-28 10:41:26,79.4
2026-04-28 10:41:42,80.3
2026-04-28 10:41:58,80.8
2026-04-28 10:42:14,80.6
2026-04-28 10:42:30,81.1
2026-04-28 10:42:46,81.9
2026-04-28 10:43:02,82.7
2026-04-28 10:43:18,83.2
2026-04-28 10:43:34,84.0
2026-04-28 10:43:50,84.6
2026-04-28 10:44:06,85.3
2026-04-28 10:44:22,86.0
2026-04-28 10:44:38,86.7
2026-04-28 10:44:54,87.0
2026-04-28 10:45:10,87.5
2026-04-28 10:45:26,87.8
2026-04-28 10:45:42,88.3
2026-04-28 10:45:58,88.6
2026-04-28 10:46:14,88.8
2026-04-28 10:46:30,89.1
2026-04-28 10:46:46,89.4
2026-04-28 10:47:02,89.7
2026-04-28 10:47:18,90.0
2026-04-28 10:47:34,90.3
2026-04-28 10:47:50,90.3
2026-04-28 10:48:06,90.5
2026-04-28 10:48:22,90.6
2026-04-28 10:48:38,90.8
2026-04-28 10:48:54,90.7
2026-04-28 10:49:10,90.5
2026-04-28 10:49:26,90.3
2026-04-28 10:49:42,90.4
2026-04-28 10:49:58,89.5
2026-04-28 10:50:14,87.8
2026-04-28 10:50:30,87.3
2026-04-28 10:50:46,87.2
2026-04-28 10:51:02,87.0
2026-04-28 10:51:18,87.0
2026-04-28 10:51:34,86.8
2026-04-28 10:51:50,86.7
2026-04-28 10:52:06,86.7
2026-04-28 10:52:22,86.6
2026-04-28 10:52:38,86.6
2026-04-28 10:52:54,86.5
2026-04-28 10:53:10,86.4
2026-04-28 10:53:26,86.4
2026-04-28 10:53:42,86.2
2026-04-28 10:53:58,86.2
2026-04-28 10:54:14,86.2
2026-04-28 10:54:30,86.0
2026-04-28 10:54:46,85.9
2026-04-28 10:55:02,85.9
2026-04-28 10:55:18,85.9
2026-04-28 10:55:34,85.6
2026-04-28 10:55:50,86.1
2026-04-28 10:56:06,86.6
2026-04-28 10:56:22,87.0
2026-04-28 10:56:38,87.5
2026-04-28 10:56:54,87.9
2026-04-28 10:57:10,88.4
2026-04-28 10:57:26,49.8
2026-04-28 10:57:42,26.6
2026-04-28 10:57:58,21.8
2026-04-28 10:58:14,19.6
2026-04-28 10:58:30,18.6
2026-04-28 10:58:46,18.2
2026-04-28 10:59:02,17.8
2026-04-28 10:59:18,17.8
2026-04-28 10:59:34,17.6
2026-04-28 10:59:50,17.5
2026-04-28 11:00:06,17.5
2026-04-28 11:00:22,17.4
2026-04-28 11:00:38,17.4
2026-04-28 11:00:54,17.4
2026-04-28 11:01:10,17.4
2026-04-28 11:01:26,17.2
2026-04-28 11:01:42,17.1
2026-04-28 11:01:58,17.3
2026-04-28 11:02:14,17.4
2026-04-28 11:02:30,17.3
2026-04-28 11:02:46,17.4
2026-04-28 11:03:02,17.5
2026-04-28 11:03:18,17.3
2026-04-28 11:03:34,17.5
2026-04-28 11:03:50,17.6
2026-04-28 11:04:06,17.6
2026-04-28 11:04:22,17.6
2026-04-28 11:04:38,17.6
2026-04-28 11:04:54,17.6
2026-04-28 11:05:10,17.6
2026-04-28 11:05:26,17.7
2026-04-28 11:05:42,17.5
2026-04-28 11:05:58,17.6
2026-04-28 11:06:14,17.6
2026-04-28 11:06:30,17.6
2026-04-28 11:06:46,17.8
2026-04-28 11:07:02,17.7
2026-04-28 11:07:18,17.5
2026-04-28 11:07:34,17.5
2026-04-28 11:07:50,17.6
2026-04-28 11:08:06,17.6
2026-04-28 11:08:22,17.5
2026-04-28 11:08:38,17.6
2026-04-28 11:08:54,17.7
2026-04-28 11:09:10,17.7
2026-04-28 11:09:26,17.8
2026-04-28 11:09:42,17.7
2026-04-28 11:09:58,17.6
2026-04-28 11:10:14,17.6
2026-04-28 11:10:30,17.6
2026-04-28 11:10:46,17.8
2026-04-28 11:11:02,17.7
2026-04-28 11:11:18,17.6
2026-04-28 11:11:34,17.6
2026-04-28 11:11:50,17.7
2026-04-28 11:12:06,17.8
2026-04-28 11:12:22,17.8
2026-04-28 11:12:38,17.8
2026-04-28 11:12:54,17.8
2026-04-28 11:13:10,17.8
2026-04-28 11:13:26,17.8
2026-04-28 11:13:42,17.8
2026-04-28 11:13:58,17.9
2026-04-28 11:14:14,18.1
2026-04-28 11:14:30,18.1
2026-04-28 11:14:46,18.1
2026-04-28 11:15:02,18.3
2026-04-28 11:15:18,18.6
2026-04-28 11:15:34,18.9
2026-04-28 11:15:50,19.2
2026-04-28 11:16:06,19.5
2026-04-28 11:16:22,19.8
2026-04-28 11:16:38,20.1
2026-04-28 11:16:54,20.4
2026-04-28 11:17:10,20.8
2026-04-28 11:17:26,21.2
2026-04-28 11:17:42,21.5
2026-04-28 11:17:58,21.7
2026-04-28 11:18:14,22.0
2026-04-28 11:18:30,22.2
2026-04-28 11:18:46,22.5
2026-04-28 11:19:02,22.7
2026-04-28 11:19:18,22.7
2026-04-28 11:19:34,22.9
2026-04-28 11:19:50,22.9
2026-04-28 11:20:06,22.9
2026-04-28 11:20:22,23.0
2026-04-28 11:20:38,23.1
2026-04-28 11:20:54,23.4
2026-04-28 11:21:10,23.5
2026-04-28 11:21:26,23.4
2026-04-28 11:21:42,23.4
2026-04-28 11:21:58,23.3
2026-04-28 11:22:14,23.2
2026-04-28 11:22:30,23.1
2026-04-28 11:22:46,23.1
2026-04-28 11:23:02,23.1
2026-04-28 11:23:18,23.1
2026-04-28 11:23:34,23.1
2026-04-28 11:23:50,23.1
2026-04-28 11:24:06,23.1
2026-04-28 11:24:22,23.1
2026-04-28 11:24:38,23.1
2026-04-28 11:24:54,23.2
2026-04-28 11:25:10,23.2
2026-04-28 11:25:26,23.1
2026-04-28 11:25:42,23.1
2026-04-28 11:25:58,23.1
2026-04-28 11:26:14,23.1
2026-04-28 11:26:30,22.9
2026-04-28 11:26:46,23.0
2026-04-28 11:27:02,23.0
2026-04-28 11:27:18,22.9
2026-04-28 11:27:34,22.9
2026-04-28 11:27:50,22.9
2026-04-28 11:28:06,22.9
2026-04-28 11:28:22,22.9
2026-04-28 11:28:38,22.9
2026-04-28 11:28:54,22.9
2026-04-28 11:29:10,22.9
2026-04-28 11:29:26,22.9
2026-04-28 11:29:42,22.9
2026-04-28 11:29:58,22.9
2026-04-28 11:30:14,22.9
2026-04-28 11:30:30,22.9
2026-04-28 11:30:46,22.9
2026-04-28 11:31:02,22.9
2026-04-28 11:31:18,22.9
2026-04-28 11:31:34,22.9
2026-04-28 11:31:50,22.9
2026-04-28 11:32:06,22.9
2026-04-28 11:32:22,22.9
2026-04-28 11:32:38,22.9
2026-04-28 11:32:54,22.9
2026-04-28 11:33:10,22.9
2026-04-28 11:33:26,23.0
2026-04-28 11:33:42,22.9
2026-04-28 11:33:58,22.9
2026-04-28 11:34:14,22.9
2026-04-28 11:34:30,22.9
2026-04-28 11:34:46,22.9
2026-04-28 11:35:02,22.9
2026-04-28 11:35:18,22.9
2026-04-28 11:35:34,22.9
2026-04-28 11:35:50,22.9
2026-04-28 11:36:06,22.9
2026-04-28 11:36:22,22.9
2026-04-28 11:36:38,22.9
2026-04-28 11:36:54,22.9
2026-04-28 11:37:10,22.9
2026-04-28 11:37:26,22.9
2026-04-28 11:37:42,22.9
2026-04-28 11:37:58,22.9
2026-04-28 11:38:14,22.9
2026-04-28 11:38:30,22.9
2026-04-28 11:38:46,22.9
2026-04-28 11:39:02,22.9
2026-04-28 11:39:18,22.9
2026-04-28 11:39:34,22.9
2026-04-28 11:39:50,22.9
2026-04-28 11:40:06,22.9
2026-04-28 11:40:22,22.9
2026-04-28 11:40:38,22.9
2026-04-28 11:40:54,22.9
2026-04-28 11:41:10,22.9
2026-04-28 11:41:26,22.9
2026-04-28 11:41:42,22.9
2026-04-28 11:41:58,22.9
2026-04-28 11:42:14,22.9
2026-04-28 11:42:30,22.9
2026-04-28 11:42:46,22.9
2026-04-28 11:43:02,22.9
2026-04-28 11:43:18,22.9
2026-04-28 11:43:34,22.9
2026-04-28 11:43:50,22.9
2026-04-28 11:44:06,22.9
2026-04-28 11:44:22,22.9
2026-04-28 11:44:38,22.9
2026-04-28 11:44:54,22.9
2026-04-28 11:45:10,22.9
2026-04-28 11:45:26,22.9
2026-04-28 11:45:42,22.9
2026-04-28 11:45:58,22.9
2026-04-28 11:46:14,23.0
2026-04-28 11:46:30,22.9
2026-04-28 11:46:46,23.0
2026-04-28 11:47:02,23.0
2026-04-28 11:47:18,22.9
2026-04-28 11:47:34,22.9
2026-04-28 11:47:50,22.9
2026-04-28 11:48:06,22.9
2026-04-28 11:48:22,22.9
2026-04-28 11:48:38,22.9
2026-04-28 11:48:54,23.0
2026-04-28 11:49:10,23.0
2026-04-28 11:49:26,23.0
2026-04-28 11:49:42,23.0
2026-04-28 11:49:58,23.1
2026-04-28 11:50:14,23.0
2026-04-28 11:50:30,23.0
2026-04-28 11:50:46,23.0
2026-04-28 11:51:02,23.0
2026-04-28 11:51:18,23.1
2026-04-28 11:51:34,23.0
2026-04-28 11:51:50,23.1
2026-04-28 11:52:06,23.1
2026-04-28 11:52:22,23.1
2026-04-28 11:52:38,23.1
2026-04-28 11:52:54,23.1
2026-04-28 11:53:10,23.1
2026-04-28 11:53:26,23.0
2026-04-28 11:53:42,23.0
2026-04-28 11:53:58,23.1
2026-04-28 11:54:14,23.0
2026-04-28 11:54:30,23.1
2026-04-28 11:54:46,23.0
2026-04-28 11:55:02,23.0
2026-04-28 11:55:18,23.0
2026-04-28 11:55:34,23.1
2026-04-28 11:55:50,23.1
2026-04-28 11:56:06,23.1
2026-04-28 11:56:22,23.1
2026-04-28 11:56:38,23.1
2026-04-28 11:56:54,23.1
2026-04-28 11:57:10,23.1
2026-04-28 11:57:26,23.1
2026-04-28 11:57:42,23.1
2026-04-28 11:57:58,23.1
2026-04-28 11:58:14,23.1
2026-04-28 11:58:30,23.1
2026-04-28 11:58:46,23.1
2026-04-28 11:59:02,23.1
2026-04-28 11:59:18,23.2
2026-04-28 11:59:34,23.2
2026-04-28 11:59:50,23.2
2026-04-28 12:00:06,23.2
2026-04-28 12:00:22,23.1
2026-04-28 12:00:38,23.1
2026-04-28 12:00:54,23.1
2026-04-28 12:01:10,23.1
2026-04-28 12:01:26,23.1
2026-04-28 12:01:42,23.1
2026-04-28 12:01:58,23.1
2026-04-28 12:02:14,23.2
2026-04-28 12:02:30,23.2
2026-04-28 12:02:46,23.2
2026-04-28 12:03:02,23.1
2026-04-28 12:03:18,23.2
2026-04-28 12:03:34,23.2
2026-04-28 12:03:50,23.2
2026-04-28 12:04:06,23.2
2026-04-28 12:04:22,23.2
2026-04-28 12:04:38,23.1
2026-04-28 12:04:54,23.2
2026-04-28 12:05:10,23.2
2026-04-28 12:05:26,23.2
2026-04-28 12:05:42,23.2
2026-04-28 12:05:58,23.2
2026-04-28 12:06:14,23.2
2026-04-28 12:06:30,23.2
2026-04-28 12:06:46,23.2
2026-04-28 12:07:02,23.2
2026-04-28 12:07:18,23.2
2026-04-28 12:07:34,23.3
2026-04-28 12:07:50,23.2
2026-04-28 12:08:06,23.3
2026-04-28 12:08:22,23.2
2026-04-28 12:08:38,23.2
2026-04-28 12:08:54,23.2
2026-04-28 12:09:10,23.3
2026-04-28 12:09:26,23.3
2026-04-28 12:09:42,23.3
2026-04-28 12:09:58,23.3
2026-04-28 12:10:14,23.3
2026-04-28 12:10:30,23.3
2026-04-28 12:10:46,23.3
2026-04-28 12:11:02,23.3
2026-04-28 12:11:18,23.3
2026-04-28 12:11:34,23.3
2026-04-28 12:11:50,23.3
2026-04-28 12:12:06,23.3
2026-04-28 12:12:22,23.3
2026-04-28 12:12:38,23.3
2026-04-28 12:12:54,23.4
2026-04-28 12:13:10,23.4
2026-04-28 12:13:26,23.4
2026-04-28 12:13:42,23.4
2026-04-28 12:13:58,23.4
2026-04-28 12:14:14,23.4
2026-04-28 12:14:30,23.4
2026-04-28 12:14:46,23.4
2026-04-28 12:15:02,23.4
2026-04-28 12:15:18,23.5
2026-04-28 12:15:34,23.5
2026-04-28 12:15:50,23.5
2026-04-28 12:16:06,23.5
2026-04-28 12:16:22,23.5
2026-04-28 12:16:38,23.5
2026-04-28 12:16:54,23.5
2026-04-28 12:17:10,23.5
2026-04-28 12:17:26,23.5
2026-04-28 12:17:42,23.5
2026-04-28 12:17:58,23.6
2026-04-28 12:18:14,23.6
2026-04-28 12:18:30,23.6
2026-04-28 12:18:46,23.6
2026-04-28 12:19:02,23.6
2026-04-28 12:19:18,23.6
2026-04-28 12:19:34,23.6
2026-04-28 12:19:50,23.6
2026-04-28 12:20:06,23.6
2026-04-28 12:20:22,23.5
2026-04-28 12:20:38,23.6
2026-04-28 12:20:54,23.6
2026-04-28 12:21:10,23.6
2026-04-28 12:21:26,23.6
2026-04-28 12:21:42,23.6
2026-04-28 12:21:58,23.6
2026-04-28 12:22:14,23.6
2026-04-28 12:22:30,23.6
2026-04-28 12:22:46,23.6
2026-04-28 12:23:02,23.6
2026-04-28 12:23:18,23.6
2026-04-28 12:23:34,23.6
2026-04-28 12:23:50,23.6
2026-04-28 12:24:06,23.6
2026-04-28 12:24:22,23.7
2026-04-28 12:24:38,23.6
2026-04-28 12:24:54,23.6
2026-04-28 12:25:10,23.7
2026-04-28 12:25:26,23.6
2026-04-28 12:25:42,23.6
2026-04-28 12:25:58,23.6
2026-04-28 12:26:14,23.6
2026-04-28 12:26:30,23.6
2026-04-28 12:26:46,23.6
2026-04-28 12:27:02,23.6
2026-04-28 12:27:18,23.6
2026-04-28 12:27:34,23.6
2026-04-28 12:27:50,23.7
2026-04-28 12:28:06,23.6
2026-04-28 12:28:22,23.7
2026-04-28 12:28:38,23.7
2026-04-28 12:28:54,23.7
2026-04-28 12:29:10,23.7
2026-04-28 12:29:26,23.7
2026-04-28 12:29:42,23.7
2026-04-28 12:29:58,23.7
2026-04-28 12:30:14,23.7
2026-04-28 12:30:30,23.7
2026-04-28 12:30:46,23.7
2026-04-28 12:31:02,23.7
2026-04-28 12:31:18,23.7
2026-04-28 12:31:34,23.7
2026-04-28 12:31:50,23.7
2026-04-28 12:32:06,23.7
2026-04-28 12:32:22,23.7
2026-04-28 12:32:38,23.7
2026-04-28 12:32:54,23.8
2026-04-28 12:33:10,23.7
2026-04-28 12:33:26,23.7
2026-04-28 12:33:42,23.7
2026-04-28 12:33:58,23.7
2026-04-28 12:34:14,23.7
2026-04-28 12:34:30,23.7
2026-04-28 12:34:46,23.7
2026-04-28 12:35:02,23.7
2026-04-28 12:35:18,23.7
2026-04-28 12:35:34,23.7
2026-04-28 12:35:50,23.7
2026-04-28 12:36:06,23.7
2026-04-28 12:36:22,23.7
2026-04-28 12:36:38,23.7
2026-04-28 12:36:54,23.8
2026-04-28 12:37:10,23.8
2026-04-28 12:37:26,23.7
2026-04-28 12:37:42,23.7
2026-04-28 12:37:58,23.7
2026-04-28 12:38:14,23.7
2026-04-28 12:38:30,23.7
2026-04-28 12:38:46,23.6
2026-04-28 12:39:02,23.7
2026-04-28 12:39:18,23.6
2026-04-28 12:39:34,23.6
2026-04-28 12:39:50,23.6
2026-04-28 12:40:06,23.6
2026-04-28 12:40:22,23.6
2026-04-28 12:40:38,23.6
2026-04-28 12:40:54,23.6
2026-04-28 12:41:10,23.6
2026-04-28 12:41:26,23.6
2026-04-28 12:41:42,23.5
2026-04-28 12:41:58,23.6
2026-04-28 12:42:14,23.6
2026-04-28 12:42:30,23.6
2026-04-28 12:42:46,23.6
2026-04-28 12:43:02,23.6
2026-04-28 12:43:18,23.6
2026-04-28 12:43:34,23.6
2026-04-28 12:43:50,23.7
2026-04-28 12:44:06,23.6
2026-04-28 12:44:22,23.7
2026-04-28 12:44:38,23.7
2026-04-28 12:44:54,23.7
2026-04-28 12:45:10,23.7
2026-04-28 12:45:26,23.7
2026-04-28 12:45:42,23.6
2026-04-28 12:45:58,23.7
2026-04-28 12:46:14,23.6
2026-04-28 12:46:30,23.6
2026-04-28 12:46:46,23.6
2026-04-28 12:47:02,23.6
2026-04-28 12:47:18,23.7
2026-04-28 12:47:34,23.7
2026-04-28 12:47:50,23.7
2026-04-28 12:48:06,23.7
2026-04-28 12:48:22,23.6
2026-04-28 12:48:38,23.7
2026-04-28 12:48:54,23.6
2026-04-28 12:49:10,23.6
2026-04-28 12:49:26,23.6
2026-04-28 12:49:42,23.6
2026-04-28 12:49:58,23.6
2026-04-28 12:50:14,23.6
2026-04-28 12:50:30,23.6
2026-04-28 12:50:46,23.6
2026-04-28 12:51:02,23.5
2026-04-28 12:51:18,23.5
2026-04-28 12:51:34,23.5
2026-04-28 12:51:50,23.5
2026-04-28 12:52:06,23.5
2026-04-28 12:52:22,23.5
2026-04-28 12:52:38,23.5
2026-04-28 12:52:54,23.5
2026-04-28 12:53:10,23.5
2026-04-28 12:53:26,23.6
2026-04-28 12:53:42,23.5
2026-04-28 12:53:58,23.5
2026-04-28 12:54:14,23.5
2026-04-28 12:54:30,23.4
2026-04-28 12:54:46,23.4
2026-04-28 12:55:02,23.4
2026-04-28 12:55:18,23.4
2026-04-28 12:55:34,23.4
2026-04-28 12:55:50,23.4
2026-04-28 12:56:06,23.4
2026-04-28 12:56:22,23.3
2026-04-28 12:56:38,23.3
2026-04-28 12:56:54,23.3
2026-04-28 12:57:10,23.3
2026-04-28 12:57:26,23.3
2026-04-28 12:57:42,23.3
2026-04-28 12:57:58,23.3
2026-04-28 12:58:14,23.3
2026-04-28 12:58:30,23.4
2026-04-28 12:58:46,23.4
2026-04-28 12:59:02,23.4
2026-04-28 12:59:18,23.5
2026-04-28 12:59:34,23.5
2026-04-28 12:59:50,23.5
2026-04-28 13:00:06,23.5
2026-04-28 13:00:22,23.5
2026-04-28 13:00:38,23.6
2026-04-28 13:00:54,23.5
2026-04-28 13:01:10,23.6
2026-04-28 13:01:26,23.6
2026-04-28 13:01:42,23.6
2026-04-28 13:01:58,23.6
2026-04-28 13:02:14,23.7
2026-04-28 13:02:30,23.6
2026-04-28 13:02:46,23.6
2026-04-28 13:03:02,23.7
2026-04-28 13:03:18,23.6
2026-04-28 13:03:34,23.6
2026-04-28 13:03:50,23.7
2026-04-28 13:04:06,23.6
2026-04-28 13:04:22,23.7
2026-04-28 13:04:38,23.7
2026-04-28 13:04:54,23.7
2026-04-28 13:05:10,23.8
2026-04-28 13:05:26,23.8
2026-04-28 13:05:42,23.8
2026-04-28 13:05:58,23.8
2026-04-28 13:06:14,23.7
2026-04-28 13:06:30,23.7
2026-04-28 13:06:46,23.8
2026-04-28 13:07:02,23.7
2026-04-28 13:07:18,23.8
2026-04-28 13:07:34,23.7
2026-04-28 13:07:50,23.8
2026-04-28 13:08:06,23.8
2026-04-28 13:08:22,23.8
2026-04-28 13:08:38,23.8
2026-04-28 13:08:54,23.6
2026-04-28 13:09:10,23.4
2026-04-28 13:09:26,23.2
2026-04-28 13:09:42,23.1
2026-04-28 13:09:58,23.0
2026-04-28 13:10:14,22.9
2026-04-28 13:10:30,22.7
2026-04-28 13:10:46,22.6
2026-04-28 13:11:02,22.5
2026-04-28 13:11:18,22.4
2026-04-28 13:11:34,22.4
2026-04-28 13:11:50,22.2
2026-04-28 13:12:06,22.2
2026-04-28 13:12:22,22.3
2026-04-28 13:12:38,22.2
2026-04-28 13:12:54,22.2
2026-04-28 13:13:10,22.2
2026-04-28 13:13:26,22.1
2026-04-28 13:13:42,22.2
2026-04-28 13:13:58,22.6
2026-04-28 13:14:14,22.8
2026-04-28 13:14:30,22.9
2026-04-28 13:14:46,23.0
2026-04-28 13:15:02,23.2
2026-04-28 13:15:18,23.4
2026-04-28 13:15:34,23.4
2026-04-28 13:15:50,23.6
2026-04-28 13:16:06,23.6
2026-04-28 13:16:22,23.6
2026-04-28 13:16:38,23.7
2026-04-28 13:16:54,23.8
2026-04-28 13:17:10,23.9
2026-04-28 13:17:26,23.9
2026-04-28 13:17:42,23.9
2026-04-28 13:17:58,23.9
2026-04-28 13:18:14,23.8
2026-04-28 13:18:30,23.6
2026-04-28 13:18:46,23.8
2026-04-28 13:19:02,23.9
2026-04-28 13:19:18,24.0
2026-04-28 13:19:34,24.0
2026-04-28 13:19:50,24.0
2026-04-28 13:20:06,24.1
2026-04-28 13:20:22,24.1
2026-04-28 13:20:38,24.1
2026-04-28 13:20:54,24.0
2026-04-28 13:21:10,24.1
2026-04-28 13:21:26,24.0
2026-04-28 13:21:42,24.0
2026-04-28 13:21:58,23.9
2026-04-28 13:22:14,23.9
2026-04-28 13:22:30,23.9
2026-04-28 13:22:46,23.9
2026-04-28 13:23:02,23.9
2026-04-28 13:23:18,23.9
2026-04-28 13:23:34,23.9
2026-04-28 13:23:50,23.9
2026-04-28 13:24:06,23.9
2026-04-28 13:24:22,23.8
2026-04-28 13:24:38,23.8
2026-04-28 13:24:54,23.8
2026-04-28 13:25:10,23.8
2026-04-28 13:25:26,23.9
2026-04-28 13:25:42,23.8
2026-04-28 13:25:58,23.8
2026-04-28 13:26:14,23.8
2026-04-28 13:26:30,23.8
2026-04-28 13:26:46,23.8
2026-04-28 13:27:02,23.8
2026-04-28 13:27:18,23.8
2026-04-28 13:27:34,23.8
2026-04-28 13:27:50,23.8
2026-04-28 13:28:06,23.8
2026-04-28 13:28:22,23.8
2026-04-28 13:28:38,23.8
2026-04-28 13:28:54,23.8
2026-04-28 13:29:10,23.8
2026-04-28 13:29:26,23.7
2026-04-28 13:29:42,23.7
2026-04-28 13:29:58,23.7
2026-04-28 13:30:14,23.7
2026-04-28 13:30:30,23.7
2026-04-28 13:30:46,23.7
2026-04-28 13:31:02,23.7
2026-04-28 13:31:18,23.7
2026-04-28 13:31:34,23.7
2026-04-28 13:31:50,23.7
2026-04-28 13:32:06,23.7
2026-04-28 13:32:22,23.7
2026-04-28 13:32:38,23.7
2026-04-28 13:32:54,23.7
2026-04-28 13:33:10,23.7
2026-04-28 13:33:26,23.7
2026-04-28 13:33:42,23.7
2026-04-28 13:33:58,23.7
2026-04-28 13:34:14,23.7
2026-04-28 13:34:30,23.7
2026-04-28 13:34:46,23.7
2026-04-28 13:35:02,23.7
2026-04-28 13:35:18,23.7
2026-04-28 13:35:34,23.7
2026-04-28 13:35:50,23.7
2026-04-28 13:36:06,23.6
2026-04-28 13:36:22,23.7
2026-04-28 13:36:38,23.6
2026-04-28 13:36:54,23.6
2026-04-28 13:37:10,23.6
2026-04-28 13:37:26,23.6
2026-04-28 13:37:42,23.6
2026-04-28 13:37:58,23.6
2026-04-28 13:38:14,23.7
2026-04-28 13:38:30,23.6
2026-04-28 13:38:46,23.6
2026-04-28 13:39:02,23.6
2026-04-28 13:39:18,23.6
2026-04-28 13:39:34,23.6
2026-04-28 13:39:50,23.7
2026-04-28 13:40:06,23.6
2026-04-28 13:40:22,23.6
2026-04-28 13:40:38,23.6
2026-04-28 13:40:54,23.6
2026-04-28 13:41:10,23.6
2026-04-28 13:41:26,23.6
2026-04-28 13:41:42,23.6
2026-04-28 13:41:58,23.6
2026-04-28 13:42:14,23.6
2026-04-28 13:42:30,23.6
2026-04-28 13:42:46,23.6
2026-04-28 13:43:02,23.6
2026-04-28 13:43:18,23.6
2026-04-28 13:43:34,23.6
2026-04-28 13:43:50,23.6
2026-04-28 13:44:06,23.6
2026-04-28 13:44:22,23.6
2026-04-28 13:44:38,23.6
2026-04-28 13:44:54,23.6
2026-04-28 13:45:10,23.6
2026-04-28 13:45:26,23.6
2026-04-28 13:45:42,23.6
2026-04-28 13:45:58,23.6
2026-04-28 13:46:14,23.6
2026-04-28 13:46:30,23.6
2026-04-28 13:46:46,23.6
2026-04-28 13:47:02,23.6
2026-04-28 13:47:18,23.6
2026-04-28 13:47:34,23.6
2026-04-28 13:47:50,23.6
2026-04-28 13:48:06,23.6
2026-04-28 13:48:22,23.6
2026-04-28 13:48:38,23.6
2026-04-28 13:48:54,23.6
2026-04-28 13:49:10,23.6
2026-04-28 13:49:26,23.5
2026-04-28 13:49:42,23.5
2026-04-28 13:49:58,23.6
2026-04-28 13:50:14,23.5
2026-04-28 13:50:30,23.5
2026-04-28 13:50:46,23.5
2026-04-28 13:51:02,23.5
2026-04-28 13:51:18,23.5
2026-04-28 13:51:34,23.5
2026-04-28 13:51:50,23.5
2026-04-28 13:52:06,23.5
2026-04-28 13:52:22,23.5
2026-04-28 13:52:38,23.5
2026-04-28 13:52:54,23.5
2026-04-28 13:53:10,23.5
2026-04-28 13:53:26,23.5
2026-04-28 13:53:42,23.5
2026-04-28 13:53:58,23.4
2026-04-28 13:54:14,23.5
2026-04-28 13:54:30,23.5
2026-04-28 13:54:46,23.5
2026-04-28 13:55:02,23.5
2026-04-28 13:55:18,23.5
2026-04-28 13:55:34,23.5
2026-04-28 13:55:50,23.5
2026-04-28 13:56:06,23.5
2026-04-28 13:56:22,23.5
2026-04-28 13:56:38,23.5
2026-04-28 13:56:54,23.5
2026-04-28 13:57:10,23.5
2026-04-28 13:57:26,23.5
2026-04-28 13:57:42,23.5
2026-04-28 13:57:58,23.4
2026-04-28 13:58:14,23.5
2026-04-28 13:58:30,23.5
2026-04-28 13:58:46,23.5
2026-04-28 13:59:02,23.5
2026-04-28 13:59:18,23.5
2026-04-28 13:59:34,23.5
2026-04-28 13:59:50,23.5
2026-04-28 14:00:06,23.5
2026-04-28 14:00:22,23.5
2026-04-28 14:00:38,23.5
2026-04-28 14:00:54,23.5
2026-04-28 14:01:10,23.5
2026-04-28 14:01:26,23.5
2026-04-28 14:01:42,23.4
2026-04-28 14:01:58,23.5
2026-04-28 14:02:14,23.4
2026-04-28 14:02:30,23.4
2026-04-28 14:02:46,23.4
2026-04-28 14:03:02,23.5
2026-04-28 14:03:18,23.5
2026-04-28 14:03:34,23.5
2026-04-28 14:03:50,23.5
2026-04-28 14:04:06,23.5
2026-04-28 14:04:22,23.4
2026-04-28 14:04:38,23.5
2026-04-28 14:04:54,23.5
2026-04-28 14:05:10,23.5
2026-04-28 14:05:26,23.5
2026-04-28 14:05:42,23.5
2026-04-28 14:05:58,23.5
2026-04-28 14:06:14,23.5
2026-04-28 14:06:30,23.5
2026-04-28 14:06:46,23.5
2026-04-28 14:07:02,23.5
2026-04-28 14:07:18,23.4
2026-04-28 14:07:34,23.4
2026-04-28 14:07:50,23.4
2026-04-28 14:08:06,23.4
2026-04-28 14:08:22,23.5
2026-04-28 14:08:38,23.4
2026-04-28 14:08:54,23.5
2026-04-28 14:09:10,23.4
2026-04-28 14:09:26,23.4
2026-04-28 14:09:42,23.5
2026-04-28 14:09:58,23.4
2026-04-28 14:10:14,23.4
2026-04-28 14:10:30,23.4
2026-04-28 14:10:46,23.4
2026-04-28 14:11:02,23.5
2026-04-28 14:11:18,23.4
2026-04-28 14:11:34,23.5
2026-04-28 14:11:50,23.5
2026-04-28 14:12:06,23.5
2026-04-28 14:12:22,23.4
2026-04-28 14:12:38,23.5
2026-04-28 14:12:54,23.5
2026-04-28 14:13:10,23.5
2026-04-28 14:13:26,23.5
2026-04-28 14:13:42,23.5
2026-04-28 14:13:58,23.5
2026-04-28 14:14:14,23.5
2026-04-28 14:14:30,23.5
2026-04-28 14:14:46,23.5
2026-04-28 14:15:02,23.5
2026-04-28 14:15:18,23.5
2026-04-28 14:15:34,23.5
2026-04-28 14:15:50,23.5
2026-04-28 14:16:06,23.5
2026-04-28 14:16:22,23.5
2026-04-28 14:16:38,23.5
2026-04-28 14:16:54,23.5
2026-04-28 14:17:10,23.5
2026-04-28 14:17:26,23.5
2026-04-28 14:17:42,23.5
2026-04-28 14:17:58,23.5
2026-04-28 14:18:14,23.5
2026-04-28 14:18:30,23.5
2026-04-28 14:18:46,22.9
2026-04-28 14:19:02,22.9
2026-04-28 14:19:18,22.9
2026-04-28 14:19:34,22.9
2026-04-28 14:19:50,22.9
2026-04-28 14:20:06,23.0
2026-04-28 14:20:22,23.1
2026-04-28 14:20:38,23.3
2026-04-28 14:20:54,23.4
2026-04-28 14:21:10,23.5
2026-04-28 14:21:26,23.6
2026-04-28 14:21:42,23.6
2026-04-28 14:21:58,23.6
2026-04-28 14:22:14,23.7
2026-04-28 14:22:30,23.7
2026-04-28 14:22:46,23.7
2026-04-28 14:23:02,23.6
2026-04-28 14:23:18,23.7
2026-04-28 14:23:34,23.7
2026-04-28 14:23:50,23.7
2026-04-28 14:24:06,23.7
2026-04-28 14:24:22,23.7
2026-04-28 14:24:38,23.9
2026-04-28 14:24:54,24.0
2026-04-28 14:25:10,24.0
2026-04-28 14:25:26,23.9
2026-04-28 14:25:42,23.9
2026-04-28 14:25:58,24.0
2026-04-28 14:26:14,24.0
2026-04-28 14:26:30,23.9
2026-04-28 14:26:46,24.0
2026-04-28 14:27:02,23.9
2026-04-28 14:27:18,23.7
2026-04-28 14:27:34,23.7
2026-04-28 14:27:50,23.6
2026-04-28 14:28:06,23.7
2026-04-28 14:28:22,23.8
2026-04-28 14:28:38,23.8
2026-04-28 14:28:54,23.7
2026-04-28 14:29:10,23.8
2026-04-28 14:29:26,23.8
2026-04-28 14:29:42,23.9
2026-04-28 14:29:58,23.9
2026-04-28 14:30:14,23.7
2026-04-28 14:30:30,23.0
2026-04-28 14:30:46,22.8
2026-04-28 14:31:02,22.9
2026-04-28 14:31:18,23.0
