Date,Time,Ch1_M1,Ch1_M1Unit,Ch1_M3,Ch1_M3Unit,
05/May/2026,10:08:52,5.30  ,pH,101   ,mV,
05/May/2026,10:09:52,5.31  ,pH,100   ,mV,
05/May/2026,10:10:52,5.31  ,pH,100   ,mV,
05/May/2026,10:11:52,5.31  ,pH,100   ,mV,
05/May/2026,10:12:52,5.32  ,pH,100   ,mV,
05/May/2026,10:13:52,5.32  ,pH,99    ,mV,
05/May/2026,10:14:52,5.33  ,pH,99    ,mV,
05/May/2026,10:15:52,5.33  ,pH,99    ,mV,
05/May/2026,10:16:52,5.33  ,pH,99    ,mV,
05/May/2026,10:17:52,5.34  ,pH,99    ,mV,
05/May/2026,10:18:52,5.34  ,pH,98    ,mV,
05/May/2026,10:19:52,5.34  ,pH,98    ,mV,
05/May/2026,10:20:52,5.35  ,pH,98    ,mV,
05/May/2026,10:21:52,5.35  ,pH,98    ,mV,
05/May/2026,10:22:52,5.35  ,pH,97    ,mV,
05/May/2026,10:23:52,5.36  ,pH,97    ,mV,
05/May/2026,10:24:52,5.36  ,pH,97    ,mV,
05/May/2026,10:25:52,5.36  ,pH,97    ,mV,
05/May/2026,10:26:52,5.37  ,pH,97    ,mV,
05/May/2026,10:27:52,5.37  ,pH,97    ,mV,
05/May/2026,10:28:52,5.38  ,pH,96    ,mV,
05/May/2026,10:29:52,5.43  ,pH,93    ,mV,
05/May/2026,10:30:52,5.43  ,pH,93    ,mV,
05/May/2026,10:31:52,5.44  ,pH,93    ,mV,
05/May/2026,10:32:52,5.44  ,pH,93    ,mV,
05/May/2026,10:33:52,5.44  ,pH,92    ,mV,
05/May/2026,10:34:52,5.45  ,pH,92    ,mV,
05/May/2026,10:35:52,5.45  ,pH,92    ,mV,
05/May/2026,10:36:52,5.45  ,pH,92    ,mV,
05/May/2026,10:37:52,5.45  ,pH,92    ,mV,
05/May/2026,10:38:52,5.46  ,pH,92    ,mV,
05/May/2026,10:39:52,5.46  ,pH,91    ,mV,
05/May/2026,10:40:52,5.46  ,pH,91    ,mV,
05/May/2026,10:41:52,5.46  ,pH,91    ,mV,
05/May/2026,10:42:52,5.46  ,pH,91    ,mV,
05/May/2026,10:43:52,5.47  ,pH,91    ,mV,
05/May/2026,10:44:52,5.47  ,pH,91    ,mV,
05/May/2026,10:45:52,5.47  ,pH,91    ,mV,
05/May/2026,10:46:52,5.47  ,pH,91    ,mV,
05/May/2026,10:47:52,5.47  ,pH,91    ,mV,
05/May/2026,10:48:52,5.48  ,pH,90    ,mV,
05/May/2026,10:49:52,5.48  ,pH,90    ,mV,
05/May/2026,10:50:52,5.48  ,pH,90    ,mV,
05/May/2026,10:51:52,5.48  ,pH,90    ,mV,
05/May/2026,10:52:52,5.48  ,pH,90    ,mV,
05/May/2026,10:53:52,5.48  ,pH,90    ,mV,
05/May/2026,10:54:52,5.49  ,pH,90    ,mV,
05/May/2026,10:55:52,5.49  ,pH,90    ,mV,
05/May/2026,10:56:52,5.49  ,pH,90    ,mV,
05/May/2026,10:57:52,5.49  ,pH,90    ,mV,
05/May/2026,10:58:52,5.49  ,pH,89    ,mV,
05/May/2026,10:59:52,5.49  ,pH,89    ,mV,
05/May/2026,11:00:52,5.50  ,pH,89    ,mV,
05/May/2026,11:01:52,5.50  ,pH,89    ,mV,
05/May/2026,11:02:52,5.50  ,pH,89    ,mV,
05/May/2026,11:03:52,5.50  ,pH,89    ,mV,
05/May/2026,11:04:52,5.51  ,pH,89    ,mV,
05/May/2026,11:05:52,5.51  ,pH,88    ,mV,
05/May/2026,11:06:52,5.51  ,pH,88    ,mV,
05/May/2026,11:07:52,5.51  ,pH,88    ,mV,
05/May/2026,11:08:52,5.51  ,pH,88    ,mV,
05/May/2026,11:09:52,5.52  ,pH,88    ,mV,
05/May/2026,11:10:52,5.52  ,pH,88    ,mV,
05/May/2026,11:11:52,5.50  ,pH,89    ,mV,
05/May/2026,11:12:52,5.50  ,pH,89    ,mV,
05/May/2026,11:13:52,5.51  ,pH,89    ,mV,
05/May/2026,11:14:52,5.51  ,pH,89    ,mV,
05/May/2026,11:15:52,5.50  ,pH,89    ,mV,
05/May/2026,11:16:52,6.26  ,pH,45    ,mV,
05/May/2026,11:17:52,6.24  ,pH,46    ,mV,
05/May/2026,11:18:52,6.23  ,pH,46    ,mV,
05/May/2026,11:19:52,6.22  ,pH,47    ,mV,
05/May/2026,11:20:52,6.21  ,pH,47    ,mV,
05/May/2026,11:21:52,6.21  ,pH,48    ,mV,
05/May/2026,11:22:52,6.20  ,pH,48    ,mV,
05/May/2026,11:23:52,6.19  ,pH,48    ,mV,
05/May/2026,11:24:52,6.19  ,pH,49    ,mV,
05/May/2026,11:25:52,6.18  ,pH,49    ,mV,
05/May/2026,11:26:52,6.18  ,pH,49    ,mV,
05/May/2026,11:27:52,6.35  ,pH,39    ,mV,
05/May/2026,11:28:52,5.87  ,pH,67    ,mV,
05/May/2026,11:29:52,5.81  ,pH,71    ,mV,
05/May/2026,11:30:52,6.21  ,pH,48    ,mV,
05/May/2026,11:31:52,6.18  ,pH,49    ,mV,
05/May/2026,11:32:52,6.16  ,pH,50    ,mV,
05/May/2026,11:33:52,6.15  ,pH,51    ,mV,
05/May/2026,11:34:52,6.14  ,pH,51    ,mV,
05/May/2026,11:35:52,6.14  ,pH,52    ,mV,
05/May/2026,11:36:52,6.13  ,pH,52    ,mV,
05/May/2026,11:37:52,6.13  ,pH,52    ,mV,
05/May/2026,11:38:52,6.12  ,pH,52    ,mV,
05/May/2026,11:39:52,6.12  ,pH,53    ,mV,
05/May/2026,11:40:52,6.11  ,pH,53    ,mV,
05/May/2026,11:41:52,6.11  ,pH,53    ,mV,
05/May/2026,11:42:52,6.11  ,pH,53    ,mV,
05/May/2026,11:43:52,6.09  ,pH,54    ,mV,
05/May/2026,11:44:52,6.08  ,pH,55    ,mV,
05/May/2026,11:45:52,6.09  ,pH,54    ,mV,
05/May/2026,11:46:52,6.08  ,pH,55    ,mV,
05/May/2026,11:47:52,6.07  ,pH,55    ,mV,
05/May/2026,11:48:52,6.06  ,pH,56    ,mV,
05/May/2026,11:49:52,6.07  ,pH,56    ,mV,
05/May/2026,11:50:52,6.19  ,pH,49    ,mV,
05/May/2026,11:51:52,6.05  ,pH,57    ,mV,
05/May/2026,11:52:52,6.18  ,pH,49    ,mV,
05/May/2026,11:53:52,6.21  ,pH,47    ,mV,
05/May/2026,11:54:52,6.07  ,pH,55    ,mV,
05/May/2026,11:55:52,6.07  ,pH,56    ,mV,
05/May/2026,11:56:52,6.06  ,pH,56    ,mV,
05/May/2026,11:57:52,6.06  ,pH,56    ,mV,
05/May/2026,11:58:52,6.05  ,pH,56    ,mV,
05/May/2026,11:59:52,6.05  ,pH,57    ,mV,
05/May/2026,12:00:52,6.05  ,pH,57    ,mV,
05/May/2026,12:01:52,6.04  ,pH,57    ,mV,
05/May/2026,12:02:52,6.04  ,pH,57    ,mV,
05/May/2026,12:03:52,6.03  ,pH,58    ,mV,
05/May/2026,12:04:52,6.03  ,pH,58    ,mV,
05/May/2026,12:05:52,6.02  ,pH,58    ,mV,
05/May/2026,12:06:52,6.02  ,pH,59    ,mV,
05/May/2026,12:07:52,6.01  ,pH,59    ,mV,
05/May/2026,12:08:52,6.01  ,pH,59    ,mV,
05/May/2026,12:09:52,6.00  ,pH,59    ,mV,
05/May/2026,12:10:52,6.00  ,pH,60    ,mV,
05/May/2026,12:11:52,5.99  ,pH,60    ,mV,
05/May/2026,12:12:52,5.99  ,pH,60    ,mV,
05/May/2026,12:13:52,5.98  ,pH,61    ,mV,
05/May/2026,12:14:52,5.98  ,pH,61    ,mV,
05/May/2026,12:15:52,5.97  ,pH,61    ,mV,
05/May/2026,12:16:52,5.97  ,pH,61    ,mV,
05/May/2026,12:17:52,5.97  ,pH,61    ,mV,
05/May/2026,12:18:52,6.84  ,pH,10    ,mV,
05/May/2026,12:19:52,6.00  ,pH,59    ,mV,
05/May/2026,12:20:52,5.95  ,pH,63    ,mV,
05/May/2026,12:21:52,5.94  ,pH,63    ,mV,
05/May/2026,12:22:52,5.93  ,pH,64    ,mV,
05/May/2026,12:23:52,5.93  ,pH,64    ,mV,
05/May/2026,12:24:52,5.92  ,pH,64    ,mV,
05/May/2026,12:25:52,5.91  ,pH,65    ,mV,
05/May/2026,12:26:52,5.91  ,pH,65    ,mV,
05/May/2026,12:27:52,5.90  ,pH,65    ,mV,
05/May/2026,12:28:52,5.90  ,pH,66    ,mV,
05/May/2026,12:29:52,5.89  ,pH,66    ,mV,
05/May/2026,12:30:52,5.88  ,pH,66    ,mV,
05/May/2026,12:31:52,5.88  ,pH,67    ,mV,
05/May/2026,12:32:52,5.87  ,pH,67    ,mV,
05/May/2026,12:33:52,5.86  ,pH,68    ,mV,
05/May/2026,12:34:52,5.86  ,pH,68    ,mV,
05/May/2026,12:35:52,5.85  ,pH,68    ,mV,
05/May/2026,12:36:52,5.85  ,pH,69    ,mV,
05/May/2026,12:37:52,5.84  ,pH,69    ,mV,
05/May/2026,12:38:52,5.83  ,pH,69    ,mV,
05/May/2026,12:39:52,5.83  ,pH,70    ,mV,
05/May/2026,12:40:52,5.82  ,pH,70    ,mV,
05/May/2026,12:41:52,5.81  ,pH,71    ,mV,
05/May/2026,12:42:52,5.81  ,pH,71    ,mV,
05/May/2026,12:43:52,5.80  ,pH,71    ,mV,
05/May/2026,12:44:52,5.79  ,pH,72    ,mV,
05/May/2026,12:45:52,5.79  ,pH,72    ,mV,
05/May/2026,12:46:52,5.78  ,pH,72    ,mV,
05/May/2026,12:47:52,5.78  ,pH,73    ,mV,
05/May/2026,12:48:52,5.77  ,pH,73    ,mV,
05/May/2026,12:49:52,5.76  ,pH,74    ,mV,
05/May/2026,12:50:52,5.76  ,pH,74    ,mV,
05/May/2026,12:51:52,5.75  ,pH,74    ,mV,
05/May/2026,12:52:52,5.74  ,pH,75    ,mV,
05/May/2026,12:53:52,5.74  ,pH,75    ,mV,
05/May/2026,12:54:52,5.73  ,pH,75    ,mV,
05/May/2026,12:55:52,5.72  ,pH,76    ,mV,
05/May/2026,12:56:52,5.72  ,pH,76    ,mV,
05/May/2026,12:57:52,5.71  ,pH,77    ,mV,
05/May/2026,12:58:52,5.70  ,pH,77    ,mV,
05/May/2026,12:59:52,5.70  ,pH,77    ,mV,
05/May/2026,13:00:52,5.69  ,pH,78    ,mV,
05/May/2026,13:01:52,5.68  ,pH,78    ,mV,
05/May/2026,13:02:52,5.67  ,pH,79    ,mV,
05/May/2026,13:03:52,5.67  ,pH,79    ,mV,
05/May/2026,13:04:52,5.66  ,pH,79    ,mV,
05/May/2026,13:05:52,5.65  ,pH,80    ,mV,
05/May/2026,13:06:52,5.65  ,pH,80    ,mV,
05/May/2026,13:07:52,5.64  ,pH,81    ,mV,
05/May/2026,13:08:52,5.63  ,pH,81    ,mV,
05/May/2026,13:09:52,5.63  ,pH,81    ,mV,
05/May/2026,13:10:52,5.62  ,pH,82    ,mV,
05/May/2026,13:11:52,5.61  ,pH,82    ,mV,
05/May/2026,13:12:52,5.61  ,pH,83    ,mV,
05/May/2026,13:13:52,5.60  ,pH,83    ,mV,
05/May/2026,13:14:52,5.59  ,pH,83    ,mV,
05/May/2026,13:15:52,5.59  ,pH,84    ,mV,
05/May/2026,13:16:52,5.58  ,pH,84    ,mV,
05/May/2026,13:17:52,5.57  ,pH,85    ,mV,
05/May/2026,13:18:52,5.57  ,pH,85    ,mV,
05/May/2026,13:19:52,5.56  ,pH,85    ,mV,
05/May/2026,13:20:52,5.55  ,pH,86    ,mV,
05/May/2026,13:21:52,5.55  ,pH,86    ,mV,
05/May/2026,13:22:52,5.54  ,pH,87    ,mV,
05/May/2026,13:23:52,5.53  ,pH,87    ,mV,
05/May/2026,13:24:52,5.53  ,pH,87    ,mV,
05/May/2026,13:25:52,6.43  ,pH,34    ,mV,
05/May/2026,13:26:52,6.69  ,pH,19    ,mV,
05/May/2026,13:27:52,6.59  ,pH,25    ,mV,
05/May/2026,13:28:52,5.47  ,pH,91    ,mV,
05/May/2026,13:29:52,5.46  ,pH,91    ,mV,
05/May/2026,13:30:52,5.45  ,pH,92    ,mV,
05/May/2026,13:31:52,5.45  ,pH,92    ,mV,
05/May/2026,13:32:52,5.44  ,pH,92    ,mV,
05/May/2026,13:33:52,5.44  ,pH,92    ,mV,
05/May/2026,13:34:52,5.43  ,pH,93    ,mV,
05/May/2026,13:35:52,5.47  ,pH,91    ,mV,
05/May/2026,13:36:52,5.46  ,pH,92    ,mV,
05/May/2026,13:37:52,5.45  ,pH,92    ,mV,
05/May/2026,13:38:52,5.45  ,pH,92    ,mV,
05/May/2026,13:39:52,5.43  ,pH,93    ,mV,
05/May/2026,13:40:52,5.42  ,pH,94    ,mV,
05/May/2026,13:41:52,5.41  ,pH,94    ,mV,
05/May/2026,13:42:52,5.41  ,pH,94    ,mV,
05/May/2026,13:43:52,5.41  ,pH,94    ,mV,
05/May/2026,13:44:52,5.41  ,pH,94    ,mV,
05/May/2026,13:45:52,5.40  ,pH,95    ,mV,
05/May/2026,13:46:52,5.40  ,pH,95    ,mV,
05/May/2026,13:47:52,5.40  ,pH,95    ,mV,
05/May/2026,13:48:52,5.40  ,pH,95    ,mV,
05/May/2026,13:49:52,5.39  ,pH,95    ,mV,
05/May/2026,13:50:52,5.39  ,pH,95    ,mV,
05/May/2026,13:51:52,5.39  ,pH,96    ,mV,
05/May/2026,13:52:52,5.38  ,pH,96    ,mV,
05/May/2026,13:53:52,5.38  ,pH,96    ,mV,
05/May/2026,13:54:52,5.38  ,pH,96    ,mV,
05/May/2026,13:55:52,5.37  ,pH,96    ,mV,
05/May/2026,13:56:52,5.37  ,pH,97    ,mV,
05/May/2026,13:57:52,5.37  ,pH,97    ,mV,
05/May/2026,13:58:52,5.36  ,pH,97    ,mV,
05/May/2026,13:59:52,5.36  ,pH,97    ,mV,
05/May/2026,14:00:52,5.36  ,pH,97    ,mV,
05/May/2026,14:01:52,5.35  ,pH,98    ,mV,
05/May/2026,14:02:52,5.35  ,pH,98    ,mV,
05/May/2026,14:03:52,5.34  ,pH,98    ,mV,
05/May/2026,14:04:52,5.34  ,pH,98    ,mV,
05/May/2026,14:05:52,5.34  ,pH,98    ,mV,
05/May/2026,14:06:52,5.33  ,pH,99    ,mV,
05/May/2026,14:07:52,5.33  ,pH,99    ,mV,
05/May/2026,14:08:52,5.33  ,pH,99    ,mV,
05/May/2026,14:09:52,5.33  ,pH,99    ,mV,
05/May/2026,14:10:52,5.32  ,pH,99    ,mV,
05/May/2026,14:11:52,5.32  ,pH,100   ,mV,
05/May/2026,14:12:52,5.32  ,pH,100   ,mV,
05/May/2026,14:13:52,5.31  ,pH,100   ,mV,
05/May/2026,14:14:52,5.31  ,pH,100   ,mV,
05/May/2026,14:15:52,5.31  ,pH,100   ,mV,
05/May/2026,14:16:52,5.31  ,pH,100   ,mV,
05/May/2026,14:17:52,5.30  ,pH,100   ,mV,
05/May/2026,14:18:52,5.30  ,pH,101   ,mV,
05/May/2026,14:19:52,5.30  ,pH,101   ,mV,
05/May/2026,14:20:52,5.30  ,pH,101   ,mV,
05/May/2026,14:21:52,5.29  ,pH,101   ,mV,
05/May/2026,14:22:52,5.29  ,pH,101   ,mV,
05/May/2026,14:23:52,5.29  ,pH,101   ,mV,
05/May/2026,14:24:52,5.29  ,pH,101   ,mV,
05/May/2026,14:25:52,5.29  ,pH,101   ,mV,
05/May/2026,14:26:52,5.28  ,pH,102   ,mV,
05/May/2026,14:27:52,5.28  ,pH,102   ,mV,
05/May/2026,14:28:52,5.28  ,pH,102   ,mV,
05/May/2026,14:29:52,5.28  ,pH,102   ,mV,
05/May/2026,14:30:52,5.28  ,pH,102   ,mV,
05/May/2026,14:31:52,5.28  ,pH,102   ,mV,
05/May/2026,14:32:52,5.27  ,pH,102   ,mV,
05/May/2026,14:33:52,5.27  ,pH,102   ,mV,
05/May/2026,14:34:52,5.27  ,pH,102   ,mV,
05/May/2026,14:35:52,5.27  ,pH,103   ,mV,
05/May/2026,14:36:52,5.27  ,pH,103   ,mV,
05/May/2026,14:37:52,5.27  ,pH,103   ,mV,
05/May/2026,14:38:52,5.26  ,pH,103   ,mV,
05/May/2026,14:39:52,5.26  ,pH,103   ,mV,
05/May/2026,14:40:52,5.26  ,pH,103   ,mV,
05/May/2026,14:41:52,5.26  ,pH,103   ,mV,
05/May/2026,14:42:52,5.26  ,pH,103   ,mV,
05/May/2026,14:43:52,5.26  ,pH,103   ,mV,
05/May/2026,14:44:52,5.26  ,pH,103   ,mV,
05/May/2026,14:45:52,5.25  ,pH,103   ,mV,
05/May/2026,14:46:52,5.25  ,pH,103   ,mV,
05/May/2026,14:47:52,5.25  ,pH,104   ,mV,
05/May/2026,14:48:52,5.25  ,pH,104   ,mV,
05/May/2026,14:49:52,5.25  ,pH,104   ,mV,
05/May/2026,14:50:52,5.25  ,pH,104   ,mV,
05/May/2026,14:51:52,5.25  ,pH,104   ,mV,
05/May/2026,14:52:52,5.25  ,pH,104   ,mV,
05/May/2026,14:53:52,5.24  ,pH,104   ,mV,
05/May/2026,14:54:52,5.24  ,pH,104   ,mV,
05/May/2026,14:55:52,5.24  ,pH,104   ,mV,
05/May/2026,14:56:52,5.24  ,pH,104   ,mV,
05/May/2026,14:57:52,5.24  ,pH,104   ,mV,
05/May/2026,14:58:52,5.24  ,pH,104   ,mV,
05/May/2026,14:59:52,5.24  ,pH,104   ,mV,
05/May/2026,15:00:52,5.24  ,pH,104   ,mV,
05/May/2026,15:01:52,5.24  ,pH,104   ,mV,
05/May/2026,15:02:52,5.23  ,pH,105   ,mV,
05/May/2026,15:03:52,5.23  ,pH,105   ,mV,
05/May/2026,15:04:52,5.23  ,pH,105   ,mV,
05/May/2026,15:05:52,5.23  ,pH,105   ,mV,
05/May/2026,15:06:52,5.23  ,pH,105   ,mV,
05/May/2026,15:07:52,5.23  ,pH,105   ,mV,
05/May/2026,15:08:52,5.23  ,pH,105   ,mV,
05/May/2026,15:09:52,5.23  ,pH,105   ,mV,
05/May/2026,15:10:52,5.23  ,pH,105   ,mV,
05/May/2026,15:11:52,5.23  ,pH,105   ,mV,
05/May/2026,15:12:52,5.22  ,pH,105   ,mV,
05/May/2026,15:13:52,5.22  ,pH,105   ,mV,
05/May/2026,15:14:52,5.22  ,pH,105   ,mV,
05/May/2026,15:15:52,5.22  ,pH,105   ,mV,
05/May/2026,15:16:52,5.22  ,pH,105   ,mV,
05/May/2026,15:17:52,5.22  ,pH,105   ,mV,
05/May/2026,15:18:52,5.24  ,pH,104   ,mV,
05/May/2026,15:19:52,5.22  ,pH,105   ,mV,
05/May/2026,15:20:52,5.61  ,pH,83    ,mV,
05/May/2026,15:21:52,5.67  ,pH,79    ,mV,
05/May/2026,15:22:52,5.30  ,pH,101   ,mV,
05/May/2026,15:23:52,5.14  ,pH,110   ,mV,
05/May/2026,15:24:52,5.14  ,pH,110   ,mV,
05/May/2026,15:25:52,5.13  ,pH,111   ,mV,
05/May/2026,15:26:52,5.12  ,pH,111   ,mV,
05/May/2026,15:27:52,5.13  ,pH,111   ,mV,
05/May/2026,15:28:52,5.13  ,pH,110   ,mV,
05/May/2026,15:29:52,5.14  ,pH,110   ,mV,
05/May/2026,15:30:52,5.14  ,pH,110   ,mV,
05/May/2026,15:31:52,5.14  ,pH,110   ,mV,
05/May/2026,15:32:52,5.17  ,pH,108   ,mV,
05/May/2026,15:33:52,5.64  ,pH,81    ,mV,
05/May/2026,15:34:52,5.62  ,pH,82    ,mV,
05/May/2026,15:35:52,3.99  ,pH,178   ,mV,
05/May/2026,15:36:52,3.98  ,pH,178   ,mV,
05/May/2026,15:37:52,3.98  ,pH,178   ,mV,
05/May/2026,15:38:52,3.96  ,pH,179   ,mV,
05/May/2026,15:39:52,3.96  ,pH,179   ,mV,
05/May/2026,15:40:52,3.95  ,pH,180   ,mV,
05/May/2026,15:41:52,3.95  ,pH,180   ,mV,
05/May/2026,15:42:52,3.96  ,pH,180   ,mV,
05/May/2026,15:43:52,3.96  ,pH,180   ,mV,
05/May/2026,15:44:52,3.95  ,pH,180   ,mV,
05/May/2026,15:45:52,16.04 ,pH,-529  ,mV,
05/May/2026,15:46:52,5.03  ,pH,116   ,mV,
05/May/2026,15:47:52,7.51  ,pH,-29   ,mV,
05/May/2026,15:48:52,3.92  ,pH,182   ,mV,
05/May/2026,15:49:52,9.78  ,pH,-162  ,mV,
05/May/2026,15:50:52,9.79  ,pH,-163  ,mV,
05/May/2026,15:51:52,9.79  ,pH,-163  ,mV,
05/May/2026,15:52:52,9.79  ,pH,-163  ,mV,
05/May/2026,15:53:52,9.79  ,pH,-163  ,mV,
05/May/2026,15:54:52,9.78  ,pH,-162  ,mV,
05/May/2026,15:55:52,9.78  ,pH,-162  ,mV,
05/May/2026,15:56:52,9.78  ,pH,-162  ,mV,
05/May/2026,15:57:52,9.78  ,pH,-162  ,mV,
05/May/2026,15:58:52,9.78  ,pH,-163  ,mV,
05/May/2026,15:59:52,9.38  ,pH,-139  ,mV,
05/May/2026,16:00:52,9.06  ,pH,-120  ,mV,
05/May/2026,16:01:52,8.94  ,pH,-113  ,mV,
05/May/2026,16:02:52,8.92  ,pH,-112  ,mV,
05/May/2026,16:03:52,8.91  ,pH,-111  ,mV,
05/May/2026,16:04:52,8.91  ,pH,-111  ,mV,
05/May/2026,16:05:52,8.91  ,pH,-111  ,mV,
05/May/2026,16:06:52,8.91  ,pH,-111  ,mV,
05/May/2026,16:07:52,8.91  ,pH,-111  ,mV,
05/May/2026,16:08:52,8.84  ,pH,-107  ,mV,
05/May/2026,16:09:52,8.90  ,pH,-111  ,mV,
05/May/2026,16:10:52,8.92  ,pH,-112  ,mV,
05/May/2026,16:11:52,8.94  ,pH,-113  ,mV,
05/May/2026,16:12:52,8.94  ,pH,-113  ,mV,
05/May/2026,16:13:52,8.95  ,pH,-114  ,mV,
05/May/2026,16:14:52,8.96  ,pH,-114  ,mV,
05/May/2026,16:15:52,8.96  ,pH,-114  ,mV,
05/May/2026,16:16:52,8.96  ,pH,-114  ,mV,
05/May/2026,16:17:52,8.96  ,pH,-114  ,mV,
05/May/2026,16:18:52,8.97  ,pH,-115  ,mV,
05/May/2026,16:19:52,8.97  ,pH,-115  ,mV,
05/May/2026,16:20:52,8.97  ,pH,-115  ,mV,
05/May/2026,16:21:52,8.97  ,pH,-115  ,mV,
05/May/2026,16:22:52,8.97  ,pH,-115  ,mV,
05/May/2026,16:23:52,8.97  ,pH,-115  ,mV,
05/May/2026,16:24:52,8.97  ,pH,-115  ,mV,
05/May/2026,16:25:52,8.98  ,pH,-115  ,mV,
05/May/2026,16:26:52,8.98  ,pH,-115  ,mV,
05/May/2026,16:27:52,8.98  ,pH,-115  ,mV,
05/May/2026,16:28:52,8.98  ,pH,-115  ,mV,
05/May/2026,16:29:52,8.98  ,pH,-115  ,mV,
05/May/2026,16:30:52,8.98  ,pH,-115  ,mV,
05/May/2026,16:31:52,8.98  ,pH,-115  ,mV,
05/May/2026,16:32:52,8.98  ,pH,-115  ,mV,
05/May/2026,16:33:52,8.98  ,pH,-115  ,mV,
05/May/2026,16:34:52,8.98  ,pH,-115  ,mV,
05/May/2026,16:35:52,8.98  ,pH,-115  ,mV,
05/May/2026,16:36:52,8.98  ,pH,-115  ,mV,
05/May/2026,16:37:52,8.98  ,pH,-115  ,mV,
05/May/2026,16:38:52,8.98  ,pH,-115  ,mV,
05/May/2026,16:39:52,8.98  ,pH,-115  ,mV,
05/May/2026,16:40:52,8.98  ,pH,-115  ,mV,
05/May/2026,16:41:52,8.98  ,pH,-115  ,mV,
05/May/2026,16:42:52,8.98  ,pH,-115  ,mV,
05/May/2026,16:43:52,8.98  ,pH,-115  ,mV,
05/May/2026,16:44:52,8.98  ,pH,-115  ,mV,
05/May/2026,16:45:52,8.98  ,pH,-115  ,mV,
05/May/2026,16:46:52,8.98  ,pH,-115  ,mV,
05/May/2026,16:47:52,8.98  ,pH,-115  ,mV,
05/May/2026,16:48:52,8.98  ,pH,-115  ,mV,
05/May/2026,16:49:52,8.98  ,pH,-115  ,mV,
05/May/2026,16:50:52,8.98  ,pH,-115  ,mV,
05/May/2026,16:51:52,8.97  ,pH,-115  ,mV,
05/May/2026,16:52:52,8.97  ,pH,-115  ,mV,
05/May/2026,16:53:52,8.97  ,pH,-115  ,mV,
05/May/2026,16:54:52,8.97  ,pH,-115  ,mV,
05/May/2026,16:55:52,8.97  ,pH,-115  ,mV,
05/May/2026,16:56:52,8.97  ,pH,-115  ,mV,
05/May/2026,16:57:52,8.97  ,pH,-115  ,mV,
05/May/2026,16:58:52,8.97  ,pH,-115  ,mV,
05/May/2026,16:59:52,8.98  ,pH,-115  ,mV,
05/May/2026,17:00:52,8.98  ,pH,-115  ,mV,
05/May/2026,17:01:52,8.98  ,pH,-115  ,mV,
05/May/2026,17:02:52,8.98  ,pH,-115  ,mV,
05/May/2026,17:03:52,8.98  ,pH,-115  ,mV,
05/May/2026,17:04:52,8.98  ,pH,-115  ,mV,
05/May/2026,17:05:52,8.98  ,pH,-115  ,mV,
05/May/2026,17:06:52,8.98  ,pH,-115  ,mV,
05/May/2026,17:07:52,8.98  ,pH,-115  ,mV,
05/May/2026,17:08:52,8.98  ,pH,-115  ,mV,
05/May/2026,17:09:52,8.98  ,pH,-115  ,mV,
05/May/2026,17:10:52,8.98  ,pH,-115  ,mV,
05/May/2026,17:11:52,8.98  ,pH,-115  ,mV,
05/May/2026,17:12:52,8.98  ,pH,-115  ,mV,
05/May/2026,17:13:52,8.98  ,pH,-115  ,mV,
05/May/2026,17:14:52,8.98  ,pH,-115  ,mV,
05/May/2026,17:15:52,8.98  ,pH,-115  ,mV,
05/May/2026,17:16:52,8.98  ,pH,-115  ,mV,
05/May/2026,17:17:52,8.98  ,pH,-115  ,mV,
05/May/2026,17:18:52,8.98  ,pH,-115  ,mV,
05/May/2026,17:19:52,8.98  ,pH,-115  ,mV,
05/May/2026,17:20:52,8.98  ,pH,-115  ,mV,
05/May/2026,17:21:52,8.98  ,pH,-115  ,mV,
05/May/2026,17:22:52,8.98  ,pH,-115  ,mV,
05/May/2026,17:23:52,8.97  ,pH,-115  ,mV,
05/May/2026,17:24:52,8.97  ,pH,-115  ,mV,
05/May/2026,17:25:52,8.97  ,pH,-115  ,mV,
05/May/2026,17:26:52,8.97  ,pH,-115  ,mV,
05/May/2026,17:27:52,8.97  ,pH,-115  ,mV,
05/May/2026,17:28:52,8.97  ,pH,-115  ,mV,
05/May/2026,17:29:52,8.97  ,pH,-115  ,mV,
05/May/2026,17:30:52,8.97  ,pH,-115  ,mV,
05/May/2026,17:31:52,8.97  ,pH,-115  ,mV,
05/May/2026,17:32:52,8.97  ,pH,-115  ,mV,
05/May/2026,17:33:52,8.97  ,pH,-115  ,mV,
05/May/2026,17:34:52,8.97  ,pH,-115  ,mV,
05/May/2026,17:35:52,8.97  ,pH,-115  ,mV,
05/May/2026,17:36:52,8.97  ,pH,-115  ,mV,
05/May/2026,17:37:52,8.97  ,pH,-115  ,mV,
05/May/2026,17:38:52,8.97  ,pH,-115  ,mV,
05/May/2026,17:39:52,8.97  ,pH,-115  ,mV,
05/May/2026,17:40:52,8.97  ,pH,-115  ,mV,
05/May/2026,17:41:52,8.97  ,pH,-115  ,mV,
05/May/2026,17:42:52,8.97  ,pH,-115  ,mV,
05/May/2026,17:43:52,8.97  ,pH,-115  ,mV,
05/May/2026,17:44:52,8.97  ,pH,-114  ,mV,
05/May/2026,17:45:52,8.96  ,pH,-114  ,mV,
05/May/2026,17:46:52,8.96  ,pH,-114  ,mV,
05/May/2026,17:47:52,8.96  ,pH,-114  ,mV,
05/May/2026,17:48:52,8.96  ,pH,-114  ,mV,
05/May/2026,17:49:52,8.96  ,pH,-114  ,mV,
05/May/2026,17:50:52,8.96  ,pH,-114  ,mV,
05/May/2026,17:51:52,8.96  ,pH,-114  ,mV,
05/May/2026,17:52:52,8.96  ,pH,-114  ,mV,
05/May/2026,17:53:52,8.96  ,pH,-114  ,mV,
05/May/2026,17:54:52,8.96  ,pH,-114  ,mV,
05/May/2026,17:55:52,8.96  ,pH,-114  ,mV,
05/May/2026,17:56:52,8.96  ,pH,-114  ,mV,
05/May/2026,17:57:52,8.96  ,pH,-114  ,mV,
05/May/2026,17:58:52,8.96  ,pH,-114  ,mV,
05/May/2026,17:59:52,8.96  ,pH,-114  ,mV,
05/May/2026,18:00:52,8.95  ,pH,-114  ,mV,
05/May/2026,18:01:52,8.95  ,pH,-114  ,mV,
05/May/2026,18:02:52,8.95  ,pH,-114  ,mV,
05/May/2026,18:03:52,8.95  ,pH,-114  ,mV,
05/May/2026,18:04:52,8.95  ,pH,-114  ,mV,
05/May/2026,18:05:52,8.95  ,pH,-114  ,mV,
05/May/2026,18:06:52,8.95  ,pH,-114  ,mV,
05/May/2026,18:07:52,8.95  ,pH,-114  ,mV,
05/May/2026,18:08:52,8.95  ,pH,-113  ,mV,
05/May/2026,18:09:52,8.95  ,pH,-113  ,mV,
05/May/2026,18:10:52,8.95  ,pH,-113  ,mV,
05/May/2026,18:11:52,8.95  ,pH,-113  ,mV,
05/May/2026,18:12:52,8.95  ,pH,-113  ,mV,
05/May/2026,18:13:52,8.94  ,pH,-113  ,mV,
05/May/2026,18:14:52,8.94  ,pH,-113  ,mV,
05/May/2026,18:15:52,8.94  ,pH,-113  ,mV,
05/May/2026,18:16:52,8.94  ,pH,-113  ,mV,
05/May/2026,18:17:52,8.94  ,pH,-113  ,mV,
05/May/2026,18:18:52,8.94  ,pH,-113  ,mV,
05/May/2026,18:19:52,8.94  ,pH,-113  ,mV,
05/May/2026,18:20:52,8.94  ,pH,-113  ,mV,
05/May/2026,18:21:52,8.94  ,pH,-113  ,mV,
05/May/2026,18:22:52,8.94  ,pH,-113  ,mV,
05/May/2026,18:23:52,8.94  ,pH,-113  ,mV,
05/May/2026,18:24:52,8.94  ,pH,-113  ,mV,
05/May/2026,18:25:52,8.94  ,pH,-113  ,mV,
05/May/2026,18:26:52,8.94  ,pH,-113  ,mV,
05/May/2026,18:27:52,8.94  ,pH,-113  ,mV,
05/May/2026,18:28:52,8.94  ,pH,-113  ,mV,
05/May/2026,18:29:52,8.93  ,pH,-113  ,mV,
05/May/2026,18:30:52,8.93  ,pH,-113  ,mV,
05/May/2026,18:31:52,8.93  ,pH,-113  ,mV,
05/May/2026,18:32:52,8.93  ,pH,-113  ,mV,
05/May/2026,18:33:52,8.93  ,pH,-112  ,mV,
05/May/2026,18:34:52,8.93  ,pH,-112  ,mV,
05/May/2026,18:35:52,8.93  ,pH,-112  ,mV,
05/May/2026,18:36:52,8.93  ,pH,-112  ,mV,
05/May/2026,18:37:52,8.93  ,pH,-112  ,mV,
05/May/2026,18:38:52,8.93  ,pH,-112  ,mV,
05/May/2026,18:39:52,8.93  ,pH,-112  ,mV,
05/May/2026,18:40:52,8.93  ,pH,-112  ,mV,
05/May/2026,18:41:52,8.93  ,pH,-112  ,mV,
05/May/2026,18:42:52,8.93  ,pH,-112  ,mV,
05/May/2026,18:43:52,8.93  ,pH,-112  ,mV,
05/May/2026,18:44:52,8.92  ,pH,-112  ,mV,
05/May/2026,18:45:52,8.92  ,pH,-112  ,mV,
05/May/2026,18:46:52,8.92  ,pH,-112  ,mV,
05/May/2026,18:47:52,8.92  ,pH,-112  ,mV,
05/May/2026,18:48:52,8.92  ,pH,-112  ,mV,
05/May/2026,18:49:52,8.92  ,pH,-112  ,mV,
05/May/2026,18:50:52,8.92  ,pH,-112  ,mV,
05/May/2026,18:51:52,8.92  ,pH,-112  ,mV,
05/May/2026,18:52:52,8.92  ,pH,-112  ,mV,
05/May/2026,18:53:52,8.92  ,pH,-112  ,mV,
05/May/2026,18:54:52,8.92  ,pH,-112  ,mV,
05/May/2026,18:55:52,8.92  ,pH,-112  ,mV,
05/May/2026,18:56:52,8.92  ,pH,-112  ,mV,
05/May/2026,18:57:52,8.92  ,pH,-112  ,mV,
05/May/2026,18:58:52,8.91  ,pH,-111  ,mV,
05/May/2026,18:59:52,8.91  ,pH,-111  ,mV,
05/May/2026,19:00:52,8.91  ,pH,-111  ,mV,
05/May/2026,19:01:52,8.91  ,pH,-111  ,mV,
05/May/2026,19:02:52,8.91  ,pH,-111  ,mV,
05/May/2026,19:03:52,8.91  ,pH,-111  ,mV,
05/May/2026,19:04:52,8.91  ,pH,-111  ,mV,
05/May/2026,19:05:52,8.91  ,pH,-111  ,mV,
05/May/2026,19:06:52,8.91  ,pH,-111  ,mV,
05/May/2026,19:07:52,8.91  ,pH,-111  ,mV,
05/May/2026,19:08:52,8.91  ,pH,-111  ,mV,
05/May/2026,19:09:52,8.91  ,pH,-111  ,mV,
05/May/2026,19:10:52,8.91  ,pH,-111  ,mV,
05/May/2026,19:11:52,8.91  ,pH,-111  ,mV,
05/May/2026,19:12:52,8.90  ,pH,-111  ,mV,
05/May/2026,19:13:52,8.90  ,pH,-111  ,mV,
05/May/2026,19:14:52,8.90  ,pH,-111  ,mV,
05/May/2026,19:15:52,8.90  ,pH,-111  ,mV,
05/May/2026,19:16:52,8.90  ,pH,-111  ,mV,
05/May/2026,19:17:52,8.90  ,pH,-111  ,mV,
05/May/2026,19:18:52,8.90  ,pH,-111  ,mV,
05/May/2026,19:19:52,8.90  ,pH,-111  ,mV,
05/May/2026,19:20:52,8.90  ,pH,-111  ,mV,
05/May/2026,19:21:52,8.90  ,pH,-110  ,mV,
05/May/2026,19:22:52,8.90  ,pH,-110  ,mV,
05/May/2026,19:23:52,8.90  ,pH,-110  ,mV,
05/May/2026,19:24:52,8.90  ,pH,-110  ,mV,
05/May/2026,19:25:52,8.89  ,pH,-110  ,mV,
05/May/2026,19:26:52,8.89  ,pH,-110  ,mV,
05/May/2026,19:27:52,8.89  ,pH,-110  ,mV,
05/May/2026,19:28:52,8.89  ,pH,-110  ,mV,
05/May/2026,19:29:52,8.89  ,pH,-110  ,mV,
05/May/2026,19:30:52,8.89  ,pH,-110  ,mV,
05/May/2026,19:31:52,8.89  ,pH,-110  ,mV,
05/May/2026,19:32:52,8.89  ,pH,-110  ,mV,
05/May/2026,19:33:52,8.89  ,pH,-110  ,mV,
05/May/2026,19:34:52,8.89  ,pH,-110  ,mV,
05/May/2026,19:35:52,8.89  ,pH,-110  ,mV,
05/May/2026,19:36:52,8.89  ,pH,-110  ,mV,
05/May/2026,19:37:52,8.89  ,pH,-110  ,mV,
05/May/2026,19:38:52,8.88  ,pH,-110  ,mV,
05/May/2026,19:39:52,8.88  ,pH,-110  ,mV,
05/May/2026,19:40:52,8.88  ,pH,-110  ,mV,
05/May/2026,19:41:52,8.88  ,pH,-110  ,mV,
05/May/2026,19:42:52,8.88  ,pH,-110  ,mV,
05/May/2026,19:43:52,8.88  ,pH,-110  ,mV,
05/May/2026,19:44:52,8.88  ,pH,-109  ,mV,
05/May/2026,19:45:52,8.88  ,pH,-109  ,mV,
05/May/2026,19:46:52,8.88  ,pH,-109  ,mV,
05/May/2026,19:47:52,8.88  ,pH,-109  ,mV,
05/May/2026,19:48:52,8.88  ,pH,-109  ,mV,
05/May/2026,19:49:52,8.88  ,pH,-109  ,mV,
05/May/2026,19:50:52,8.88  ,pH,-109  ,mV,
05/May/2026,19:51:52,8.88  ,pH,-109  ,mV,
05/May/2026,19:52:52,8.87  ,pH,-109  ,mV,
05/May/2026,19:53:52,8.87  ,pH,-109  ,mV,
05/May/2026,19:54:52,8.87  ,pH,-109  ,mV,
05/May/2026,19:55:52,8.87  ,pH,-109  ,mV,
05/May/2026,19:56:52,8.87  ,pH,-109  ,mV,
05/May/2026,19:57:52,8.87  ,pH,-109  ,mV,
05/May/2026,19:58:52,8.87  ,pH,-109  ,mV,
05/May/2026,19:59:52,8.87  ,pH,-109  ,mV,
05/May/2026,20:00:52,8.87  ,pH,-109  ,mV,
05/May/2026,20:01:52,8.87  ,pH,-109  ,mV,
05/May/2026,20:02:52,8.87  ,pH,-109  ,mV,
05/May/2026,20:03:52,8.87  ,pH,-109  ,mV,
05/May/2026,20:04:52,8.87  ,pH,-109  ,mV,
05/May/2026,20:05:52,8.87  ,pH,-109  ,mV,
05/May/2026,20:06:52,8.86  ,pH,-109  ,mV,
05/May/2026,20:07:52,8.86  ,pH,-108  ,mV,
05/May/2026,20:08:52,8.86  ,pH,-108  ,mV,
05/May/2026,20:09:52,8.86  ,pH,-108  ,mV,
05/May/2026,20:10:52,8.86  ,pH,-108  ,mV,
05/May/2026,20:11:52,8.86  ,pH,-108  ,mV,
05/May/2026,20:12:52,8.86  ,pH,-108  ,mV,
05/May/2026,20:13:52,8.86  ,pH,-108  ,mV,
05/May/2026,20:14:52,8.86  ,pH,-108  ,mV,
05/May/2026,20:15:52,8.86  ,pH,-108  ,mV,
05/May/2026,20:16:52,8.86  ,pH,-108  ,mV,
05/May/2026,20:17:52,8.86  ,pH,-108  ,mV,
05/May/2026,20:18:52,8.86  ,pH,-108  ,mV,
05/May/2026,20:19:52,8.86  ,pH,-108  ,mV,
05/May/2026,20:20:52,8.85  ,pH,-108  ,mV,
05/May/2026,20:21:52,8.85  ,pH,-108  ,mV,
05/May/2026,20:22:52,8.85  ,pH,-108  ,mV,
05/May/2026,20:23:52,8.85  ,pH,-108  ,mV,
05/May/2026,20:24:52,8.85  ,pH,-108  ,mV,
05/May/2026,20:25:52,8.85  ,pH,-108  ,mV,
05/May/2026,20:26:52,8.85  ,pH,-108  ,mV,
05/May/2026,20:27:52,8.85  ,pH,-108  ,mV,
05/May/2026,20:28:52,8.85  ,pH,-108  ,mV,
05/May/2026,20:29:52,8.85  ,pH,-108  ,mV,
05/May/2026,20:30:52,8.85  ,pH,-108  ,mV,
05/May/2026,20:31:52,8.85  ,pH,-108  ,mV,
05/May/2026,20:32:52,8.85  ,pH,-107  ,mV,
05/May/2026,20:33:52,8.85  ,pH,-107  ,mV,
05/May/2026,20:34:52,8.85  ,pH,-107  ,mV,
05/May/2026,20:35:52,8.84  ,pH,-107  ,mV,
05/May/2026,20:36:52,8.84  ,pH,-107  ,mV,
05/May/2026,20:37:52,8.84  ,pH,-107  ,mV,
05/May/2026,20:38:52,8.84  ,pH,-107  ,mV,
05/May/2026,20:39:52,8.84  ,pH,-107  ,mV,
05/May/2026,20:40:52,8.84  ,pH,-107  ,mV,
05/May/2026,20:41:52,8.84  ,pH,-107  ,mV,
05/May/2026,20:42:52,8.84  ,pH,-107  ,mV,
05/May/2026,20:43:52,8.84  ,pH,-107  ,mV,
05/May/2026,20:44:52,8.84  ,pH,-107  ,mV,
05/May/2026,20:45:52,8.84  ,pH,-107  ,mV,
05/May/2026,20:46:52,8.84  ,pH,-107  ,mV,
05/May/2026,20:47:52,8.84  ,pH,-107  ,mV,
05/May/2026,20:48:52,8.84  ,pH,-107  ,mV,
05/May/2026,20:49:52,8.84  ,pH,-107  ,mV,
05/May/2026,20:50:52,8.83  ,pH,-107  ,mV,
05/May/2026,20:51:52,8.83  ,pH,-107  ,mV,
05/May/2026,20:52:52,8.83  ,pH,-107  ,mV,
05/May/2026,20:53:52,8.83  ,pH,-107  ,mV,
05/May/2026,20:54:52,8.83  ,pH,-107  ,mV,
05/May/2026,20:55:52,8.83  ,pH,-107  ,mV,
05/May/2026,20:56:52,8.83  ,pH,-107  ,mV,
05/May/2026,20:57:52,8.83  ,pH,-107  ,mV,
05/May/2026,20:58:52,8.83  ,pH,-106  ,mV,
05/May/2026,20:59:52,8.83  ,pH,-106  ,mV,
05/May/2026,21:00:52,8.83  ,pH,-106  ,mV,
05/May/2026,21:01:52,8.83  ,pH,-106  ,mV,
05/May/2026,21:02:52,8.83  ,pH,-106  ,mV,
05/May/2026,21:03:52,8.83  ,pH,-106  ,mV,
05/May/2026,21:04:52,8.83  ,pH,-106  ,mV,
05/May/2026,21:05:52,8.83  ,pH,-106  ,mV,
05/May/2026,21:06:52,8.82  ,pH,-106  ,mV,
05/May/2026,21:07:52,8.82  ,pH,-106  ,mV,
05/May/2026,21:08:52,8.82  ,pH,-106  ,mV,
05/May/2026,21:09:52,8.82  ,pH,-106  ,mV,
05/May/2026,21:10:52,8.82  ,pH,-106  ,mV,
05/May/2026,21:11:52,8.82  ,pH,-106  ,mV,
05/May/2026,21:12:52,8.82  ,pH,-106  ,mV,
05/May/2026,21:13:52,8.82  ,pH,-106  ,mV,
05/May/2026,21:14:52,8.82  ,pH,-106  ,mV,
05/May/2026,21:15:52,8.82  ,pH,-106  ,mV,
05/May/2026,21:16:52,8.82  ,pH,-106  ,mV,
05/May/2026,21:17:52,8.82  ,pH,-106  ,mV,
05/May/2026,21:18:52,8.82  ,pH,-106  ,mV,
05/May/2026,21:19:52,8.82  ,pH,-106  ,mV,
05/May/2026,21:20:52,8.82  ,pH,-106  ,mV,
05/May/2026,21:21:52,8.81  ,pH,-106  ,mV,
05/May/2026,21:22:52,8.81  ,pH,-106  ,mV,
05/May/2026,21:23:52,8.81  ,pH,-106  ,mV,
05/May/2026,21:24:52,8.81  ,pH,-106  ,mV,
05/May/2026,21:25:52,8.81  ,pH,-105  ,mV,
05/May/2026,21:26:52,8.81  ,pH,-105  ,mV,
05/May/2026,21:27:52,8.81  ,pH,-105  ,mV,
05/May/2026,21:28:52,8.81  ,pH,-105  ,mV,
05/May/2026,21:29:52,8.81  ,pH,-105  ,mV,
05/May/2026,21:30:52,8.81  ,pH,-105  ,mV,
05/May/2026,21:31:52,8.81  ,pH,-105  ,mV,
05/May/2026,21:32:52,8.81  ,pH,-105  ,mV,
05/May/2026,21:33:52,8.81  ,pH,-105  ,mV,
05/May/2026,21:34:52,8.81  ,pH,-105  ,mV,
05/May/2026,21:35:52,8.81  ,pH,-105  ,mV,
05/May/2026,21:36:52,8.81  ,pH,-105  ,mV,
05/May/2026,21:37:52,8.80  ,pH,-105  ,mV,
05/May/2026,21:38:52,8.80  ,pH,-105  ,mV,
05/May/2026,21:39:52,8.80  ,pH,-105  ,mV,
05/May/2026,21:40:52,8.80  ,pH,-105  ,mV,
05/May/2026,21:41:52,8.80  ,pH,-105  ,mV,
05/May/2026,21:42:52,8.80  ,pH,-105  ,mV,
05/May/2026,21:43:52,8.80  ,pH,-105  ,mV,
05/May/2026,21:44:52,8.80  ,pH,-105  ,mV,
05/May/2026,21:45:52,8.80  ,pH,-105  ,mV,
05/May/2026,21:46:52,8.80  ,pH,-105  ,mV,
05/May/2026,21:47:52,8.80  ,pH,-105  ,mV,
05/May/2026,21:48:52,8.80  ,pH,-105  ,mV,
05/May/2026,21:49:52,8.80  ,pH,-105  ,mV,
05/May/2026,21:50:52,8.80  ,pH,-105  ,mV,
05/May/2026,21:51:52,8.80  ,pH,-105  ,mV,
05/May/2026,21:52:52,8.80  ,pH,-104  ,mV,
05/May/2026,21:53:52,8.79  ,pH,-104  ,mV,
05/May/2026,21:54:52,8.79  ,pH,-104  ,mV,
05/May/2026,21:55:52,8.79  ,pH,-104  ,mV,
05/May/2026,21:56:52,8.79  ,pH,-104  ,mV,
05/May/2026,21:57:52,8.79  ,pH,-104  ,mV,
05/May/2026,21:58:52,8.79  ,pH,-104  ,mV,
05/May/2026,21:59:52,8.79  ,pH,-104  ,mV,
05/May/2026,22:00:52,8.79  ,pH,-104  ,mV,
05/May/2026,22:01:52,8.79  ,pH,-104  ,mV,
05/May/2026,22:02:52,8.79  ,pH,-104  ,mV,
05/May/2026,22:03:52,8.79  ,pH,-104  ,mV,
05/May/2026,22:04:52,8.79  ,pH,-104  ,mV,
05/May/2026,22:05:52,8.79  ,pH,-104  ,mV,
05/May/2026,22:06:52,8.79  ,pH,-104  ,mV,
05/May/2026,22:07:52,8.79  ,pH,-104  ,mV,
05/May/2026,22:08:52,8.79  ,pH,-104  ,mV,
05/May/2026,22:09:52,8.78  ,pH,-104  ,mV,
05/May/2026,22:10:52,8.78  ,pH,-104  ,mV,
05/May/2026,22:11:52,8.78  ,pH,-104  ,mV,
05/May/2026,22:12:52,8.78  ,pH,-104  ,mV,
05/May/2026,22:13:52,8.78  ,pH,-104  ,mV,
05/May/2026,22:14:52,8.78  ,pH,-104  ,mV,
05/May/2026,22:15:52,8.78  ,pH,-104  ,mV,
05/May/2026,22:16:52,8.78  ,pH,-104  ,mV,
05/May/2026,22:17:52,8.78  ,pH,-104  ,mV,
05/May/2026,22:18:52,8.78  ,pH,-103  ,mV,
05/May/2026,22:19:52,8.78  ,pH,-103  ,mV,
05/May/2026,22:20:52,8.78  ,pH,-103  ,mV,
05/May/2026,22:21:52,8.78  ,pH,-103  ,mV,
05/May/2026,22:22:52,8.78  ,pH,-103  ,mV,
05/May/2026,22:23:52,8.77  ,pH,-103  ,mV,
05/May/2026,22:24:52,8.77  ,pH,-103  ,mV,
05/May/2026,22:25:52,8.77  ,pH,-103  ,mV,
05/May/2026,22:26:52,8.77  ,pH,-103  ,mV,
05/May/2026,22:27:52,8.77  ,pH,-103  ,mV,
05/May/2026,22:28:52,8.77  ,pH,-103  ,mV,
05/May/2026,22:29:52,8.77  ,pH,-103  ,mV,
05/May/2026,22:30:52,8.77  ,pH,-103  ,mV,
05/May/2026,22:31:52,8.77  ,pH,-103  ,mV,
05/May/2026,22:32:52,8.77  ,pH,-103  ,mV,
05/May/2026,22:33:52,8.77  ,pH,-103  ,mV,
05/May/2026,22:34:52,8.77  ,pH,-103  ,mV,
05/May/2026,22:35:52,8.76  ,pH,-103  ,mV,
05/May/2026,22:36:52,8.76  ,pH,-103  ,mV,
05/May/2026,22:37:52,8.76  ,pH,-103  ,mV,
05/May/2026,22:38:52,8.76  ,pH,-103  ,mV,
05/May/2026,22:39:52,8.76  ,pH,-103  ,mV,
05/May/2026,22:40:52,8.76  ,pH,-102  ,mV,
05/May/2026,22:41:52,8.76  ,pH,-102  ,mV,
05/May/2026,22:42:52,8.76  ,pH,-102  ,mV,
05/May/2026,22:43:52,8.76  ,pH,-102  ,mV,
05/May/2026,22:44:52,8.76  ,pH,-102  ,mV,
05/May/2026,22:45:52,8.76  ,pH,-102  ,mV,
05/May/2026,22:46:52,8.76  ,pH,-102  ,mV,
05/May/2026,22:47:52,8.76  ,pH,-102  ,mV,
05/May/2026,22:48:52,8.76  ,pH,-102  ,mV,
05/May/2026,22:49:52,8.76  ,pH,-102  ,mV,
05/May/2026,22:50:52,8.76  ,pH,-102  ,mV,
05/May/2026,22:51:52,8.76  ,pH,-102  ,mV,
05/May/2026,22:52:52,8.75  ,pH,-102  ,mV,
05/May/2026,22:53:52,8.75  ,pH,-102  ,mV,
05/May/2026,22:54:52,8.75  ,pH,-102  ,mV,
05/May/2026,22:55:52,8.75  ,pH,-102  ,mV,
05/May/2026,22:56:52,8.75  ,pH,-102  ,mV,
05/May/2026,22:57:52,8.75  ,pH,-102  ,mV,
05/May/2026,22:58:52,8.75  ,pH,-102  ,mV,
05/May/2026,22:59:52,8.75  ,pH,-102  ,mV,
05/May/2026,23:00:52,8.75  ,pH,-102  ,mV,
05/May/2026,23:01:52,8.75  ,pH,-102  ,mV,
05/May/2026,23:02:52,8.75  ,pH,-102  ,mV,
05/May/2026,23:03:52,8.75  ,pH,-102  ,mV,
05/May/2026,23:04:52,8.75  ,pH,-102  ,mV,
05/May/2026,23:05:52,8.75  ,pH,-102  ,mV,
05/May/2026,23:06:52,8.75  ,pH,-102  ,mV,
05/May/2026,23:07:52,8.75  ,pH,-102  ,mV,
05/May/2026,23:08:52,8.75  ,pH,-102  ,mV,
05/May/2026,23:09:52,8.75  ,pH,-102  ,mV,
05/May/2026,23:10:52,8.74  ,pH,-102  ,mV,
05/May/2026,23:11:52,8.74  ,pH,-101  ,mV,
05/May/2026,23:12:52,8.74  ,pH,-101  ,mV,
05/May/2026,23:13:52,8.74  ,pH,-101  ,mV,
05/May/2026,23:14:52,8.74  ,pH,-101  ,mV,
05/May/2026,23:15:52,8.74  ,pH,-101  ,mV,
05/May/2026,23:16:52,8.74  ,pH,-101  ,mV,
05/May/2026,23:17:52,8.74  ,pH,-101  ,mV,
05/May/2026,23:18:52,8.74  ,pH,-101  ,mV,
05/May/2026,23:19:52,8.74  ,pH,-101  ,mV,
05/May/2026,23:20:52,8.74  ,pH,-101  ,mV,
05/May/2026,23:21:52,8.74  ,pH,-101  ,mV,
05/May/2026,23:22:52,8.74  ,pH,-101  ,mV,
05/May/2026,23:23:52,8.74  ,pH,-101  ,mV,
05/May/2026,23:24:52,8.74  ,pH,-101  ,mV,
05/May/2026,23:25:52,8.74  ,pH,-101  ,mV,
05/May/2026,23:26:52,8.74  ,pH,-101  ,mV,
05/May/2026,23:27:52,8.73  ,pH,-101  ,mV,
05/May/2026,23:28:52,8.73  ,pH,-101  ,mV,
05/May/2026,23:29:52,8.73  ,pH,-101  ,mV,
05/May/2026,23:30:52,8.73  ,pH,-101  ,mV,
05/May/2026,23:31:52,8.73  ,pH,-101  ,mV,
05/May/2026,23:32:52,8.73  ,pH,-101  ,mV,
05/May/2026,23:33:52,8.73  ,pH,-101  ,mV,
05/May/2026,23:34:52,8.73  ,pH,-101  ,mV,
05/May/2026,23:35:52,8.73  ,pH,-101  ,mV,
05/May/2026,23:36:52,8.73  ,pH,-101  ,mV,
05/May/2026,23:37:52,8.73  ,pH,-101  ,mV,
05/May/2026,23:38:52,8.73  ,pH,-101  ,mV,
05/May/2026,23:39:52,8.73  ,pH,-100  ,mV,
05/May/2026,23:40:52,8.73  ,pH,-100  ,mV,
05/May/2026,23:41:52,8.73  ,pH,-100  ,mV,
05/May/2026,23:42:52,8.73  ,pH,-100  ,mV,
05/May/2026,23:43:52,8.72  ,pH,-100  ,mV,
05/May/2026,23:44:52,8.72  ,pH,-100  ,mV,
05/May/2026,23:45:52,8.72  ,pH,-100  ,mV,
05/May/2026,23:46:52,8.72  ,pH,-100  ,mV,
05/May/2026,23:47:52,8.72  ,pH,-100  ,mV,
05/May/2026,23:48:52,8.72  ,pH,-100  ,mV,
05/May/2026,23:49:52,8.72  ,pH,-100  ,mV,
05/May/2026,23:50:52,8.72  ,pH,-100  ,mV,
05/May/2026,23:51:52,8.72  ,pH,-100  ,mV,
05/May/2026,23:52:52,8.72  ,pH,-100  ,mV,
05/May/2026,23:53:52,8.72  ,pH,-100  ,mV,
05/May/2026,23:54:52,8.72  ,pH,-100  ,mV,
05/May/2026,23:55:52,8.72  ,pH,-100  ,mV,
05/May/2026,23:56:52,8.72  ,pH,-100  ,mV,
05/May/2026,23:57:52,8.72  ,pH,-100  ,mV,
05/May/2026,23:58:52,8.72  ,pH,-100  ,mV,
05/May/2026,23:59:52,8.72  ,pH,-100  ,mV,
06/May/2026,00:00:52,8.71  ,pH,-100  ,mV,
06/May/2026,00:01:52,8.71  ,pH,-100  ,mV,
06/May/2026,00:02:52,8.71  ,pH,-100  ,mV,
06/May/2026,00:03:52,8.71  ,pH,-100  ,mV,
06/May/2026,00:04:52,8.71  ,pH,-100  ,mV,
06/May/2026,00:05:52,8.71  ,pH,-100  ,mV,
06/May/2026,00:06:52,8.71  ,pH,-100  ,mV,
06/May/2026,00:07:52,8.71  ,pH,-100  ,mV,
06/May/2026,00:08:52,8.71  ,pH,-99   ,mV,
06/May/2026,00:09:52,8.71  ,pH,-99   ,mV,
06/May/2026,00:10:52,8.71  ,pH,-99   ,mV,
06/May/2026,00:11:52,8.71  ,pH,-99   ,mV,
06/May/2026,00:12:52,8.71  ,pH,-99   ,mV,
06/May/2026,00:13:52,8.71  ,pH,-99   ,mV,
06/May/2026,00:14:52,8.71  ,pH,-99   ,mV,
06/May/2026,00:15:52,8.71  ,pH,-99   ,mV,
06/May/2026,00:16:52,8.70  ,pH,-99   ,mV,
06/May/2026,00:17:52,8.70  ,pH,-99   ,mV,
06/May/2026,00:18:52,8.70  ,pH,-99   ,mV,
06/May/2026,00:19:52,8.70  ,pH,-99   ,mV,
06/May/2026,00:20:52,8.70  ,pH,-99   ,mV,
06/May/2026,00:21:52,8.70  ,pH,-99   ,mV,
06/May/2026,00:22:52,8.70  ,pH,-99   ,mV,
06/May/2026,00:23:52,8.70  ,pH,-99   ,mV,
06/May/2026,00:24:52,8.70  ,pH,-99   ,mV,
06/May/2026,00:25:52,8.70  ,pH,-99   ,mV,
06/May/2026,00:26:52,8.70  ,pH,-99   ,mV,
06/May/2026,00:27:52,8.70  ,pH,-99   ,mV,
06/May/2026,00:28:52,8.70  ,pH,-99   ,mV,
06/May/2026,00:29:52,8.70  ,pH,-99   ,mV,
06/May/2026,00:30:52,8.70  ,pH,-99   ,mV,
06/May/2026,00:31:52,8.70  ,pH,-99   ,mV,
06/May/2026,00:32:52,8.69  ,pH,-99   ,mV,
06/May/2026,00:33:52,8.69  ,pH,-99   ,mV,
06/May/2026,00:34:52,8.69  ,pH,-99   ,mV,
06/May/2026,00:35:52,8.69  ,pH,-99   ,mV,
06/May/2026,00:36:52,8.69  ,pH,-98   ,mV,
06/May/2026,00:37:52,8.69  ,pH,-98   ,mV,
06/May/2026,00:38:52,8.69  ,pH,-98   ,mV,
06/May/2026,00:39:52,8.69  ,pH,-98   ,mV,
06/May/2026,00:40:52,8.69  ,pH,-98   ,mV,
06/May/2026,00:41:52,8.69  ,pH,-98   ,mV,
06/May/2026,00:42:52,8.69  ,pH,-98   ,mV,
06/May/2026,00:43:52,8.69  ,pH,-98   ,mV,
06/May/2026,00:44:52,8.69  ,pH,-98   ,mV,
06/May/2026,00:45:52,8.69  ,pH,-98   ,mV,
06/May/2026,00:46:52,8.69  ,pH,-98   ,mV,
06/May/2026,00:47:52,8.69  ,pH,-98   ,mV,
06/May/2026,00:48:52,8.69  ,pH,-98   ,mV,
06/May/2026,00:49:52,8.68  ,pH,-98   ,mV,
06/May/2026,00:50:52,8.68  ,pH,-98   ,mV,
06/May/2026,00:51:52,8.68  ,pH,-98   ,mV,
06/May/2026,00:52:52,8.68  ,pH,-98   ,mV,
06/May/2026,00:53:52,8.68  ,pH,-98   ,mV,
06/May/2026,00:54:52,8.68  ,pH,-98   ,mV,
06/May/2026,00:55:52,8.68  ,pH,-98   ,mV,
06/May/2026,00:56:52,8.68  ,pH,-98   ,mV,
06/May/2026,00:57:52,8.68  ,pH,-98   ,mV,
06/May/2026,00:58:52,8.68  ,pH,-98   ,mV,
06/May/2026,00:59:52,8.68  ,pH,-98   ,mV,
06/May/2026,01:00:52,8.68  ,pH,-98   ,mV,
06/May/2026,01:01:52,8.68  ,pH,-98   ,mV,
06/May/2026,01:02:52,8.68  ,pH,-97   ,mV,
06/May/2026,01:03:52,8.68  ,pH,-97   ,mV,
06/May/2026,01:04:52,8.68  ,pH,-97   ,mV,
06/May/2026,01:05:52,8.67  ,pH,-97   ,mV,
06/May/2026,01:06:52,8.67  ,pH,-97   ,mV,
06/May/2026,01:07:52,8.67  ,pH,-97   ,mV,
06/May/2026,01:08:52,8.67  ,pH,-97   ,mV,
06/May/2026,01:09:52,8.67  ,pH,-97   ,mV,
06/May/2026,01:10:52,8.67  ,pH,-97   ,mV,
06/May/2026,01:11:52,8.67  ,pH,-97   ,mV,
06/May/2026,01:12:52,8.67  ,pH,-97   ,mV,
06/May/2026,01:13:52,8.67  ,pH,-97   ,mV,
06/May/2026,01:14:52,8.67  ,pH,-97   ,mV,
06/May/2026,01:15:52,8.67  ,pH,-97   ,mV,
06/May/2026,01:16:52,8.67  ,pH,-97   ,mV,
06/May/2026,01:17:52,8.67  ,pH,-97   ,mV,
06/May/2026,01:18:52,8.67  ,pH,-97   ,mV,
06/May/2026,01:19:52,8.67  ,pH,-97   ,mV,
06/May/2026,01:20:52,8.67  ,pH,-97   ,mV,
06/May/2026,01:21:52,8.67  ,pH,-97   ,mV,
06/May/2026,01:22:52,8.67  ,pH,-97   ,mV,
06/May/2026,01:23:52,8.66  ,pH,-97   ,mV,
06/May/2026,01:24:52,8.66  ,pH,-97   ,mV,
06/May/2026,01:25:52,8.66  ,pH,-97   ,mV,
06/May/2026,01:26:52,8.66  ,pH,-97   ,mV,
06/May/2026,01:27:52,8.66  ,pH,-97   ,mV,
06/May/2026,01:28:52,8.66  ,pH,-97   ,mV,
06/May/2026,01:29:52,8.66  ,pH,-97   ,mV,
06/May/2026,01:30:52,8.66  ,pH,-97   ,mV,
06/May/2026,01:31:52,8.66  ,pH,-97   ,mV,
06/May/2026,01:32:52,8.66  ,pH,-96   ,mV,
06/May/2026,01:33:52,8.66  ,pH,-96   ,mV,
06/May/2026,01:34:52,8.66  ,pH,-96   ,mV,
06/May/2026,01:35:52,8.66  ,pH,-96   ,mV,
06/May/2026,01:36:52,8.66  ,pH,-96   ,mV,
06/May/2026,01:37:52,8.66  ,pH,-96   ,mV,
06/May/2026,01:38:52,8.66  ,pH,-96   ,mV,
06/May/2026,01:39:52,8.66  ,pH,-96   ,mV,
06/May/2026,01:40:52,8.65  ,pH,-96   ,mV,
06/May/2026,01:41:52,8.65  ,pH,-96   ,mV,
06/May/2026,01:42:52,8.65  ,pH,-96   ,mV,
06/May/2026,01:43:52,8.65  ,pH,-96   ,mV,
06/May/2026,01:44:52,8.65  ,pH,-96   ,mV,
06/May/2026,01:45:52,8.65  ,pH,-96   ,mV,
06/May/2026,01:46:52,8.65  ,pH,-96   ,mV,
06/May/2026,01:47:52,8.65  ,pH,-96   ,mV,
06/May/2026,01:48:52,8.65  ,pH,-96   ,mV,
06/May/2026,01:49:52,8.65  ,pH,-96   ,mV,
06/May/2026,01:50:52,8.65  ,pH,-96   ,mV,
06/May/2026,01:51:52,8.65  ,pH,-96   ,mV,
06/May/2026,01:52:52,8.65  ,pH,-96   ,mV,
06/May/2026,01:53:52,8.65  ,pH,-96   ,mV,
06/May/2026,01:54:52,8.65  ,pH,-96   ,mV,
06/May/2026,01:55:52,8.65  ,pH,-96   ,mV,
06/May/2026,01:56:52,8.65  ,pH,-96   ,mV,
06/May/2026,01:57:52,8.64  ,pH,-96   ,mV,
06/May/2026,01:58:52,8.64  ,pH,-96   ,mV,
06/May/2026,01:59:52,8.64  ,pH,-96   ,mV,
06/May/2026,02:00:52,8.64  ,pH,-96   ,mV,
06/May/2026,02:01:52,8.64  ,pH,-96   ,mV,
06/May/2026,02:02:52,8.64  ,pH,-96   ,mV,
06/May/2026,02:03:52,8.64  ,pH,-95   ,mV,
06/May/2026,02:04:52,8.64  ,pH,-95   ,mV,
06/May/2026,02:05:52,8.64  ,pH,-95   ,mV,
06/May/2026,02:06:52,8.64  ,pH,-95   ,mV,
06/May/2026,02:07:52,8.64  ,pH,-95   ,mV,
06/May/2026,02:08:52,8.64  ,pH,-95   ,mV,
06/May/2026,02:09:52,8.64  ,pH,-95   ,mV,
06/May/2026,02:10:52,8.64  ,pH,-95   ,mV,
06/May/2026,02:11:52,8.64  ,pH,-95   ,mV,
06/May/2026,02:12:52,8.64  ,pH,-95   ,mV,
06/May/2026,02:13:52,8.64  ,pH,-95   ,mV,
06/May/2026,02:14:52,8.64  ,pH,-95   ,mV,
06/May/2026,02:15:52,8.63  ,pH,-95   ,mV,
06/May/2026,02:16:52,8.63  ,pH,-95   ,mV,
06/May/2026,02:17:52,8.63  ,pH,-95   ,mV,
06/May/2026,02:18:52,8.63  ,pH,-95   ,mV,
06/May/2026,02:19:52,8.63  ,pH,-95   ,mV,
06/May/2026,02:20:52,8.63  ,pH,-95   ,mV,
06/May/2026,02:21:52,8.63  ,pH,-95   ,mV,
06/May/2026,02:22:52,8.63  ,pH,-95   ,mV,
06/May/2026,02:23:52,8.63  ,pH,-95   ,mV,
06/May/2026,02:24:52,8.63  ,pH,-95   ,mV,
06/May/2026,02:25:52,8.63  ,pH,-95   ,mV,
06/May/2026,02:26:52,8.63  ,pH,-95   ,mV,
06/May/2026,02:27:52,8.63  ,pH,-95   ,mV,
06/May/2026,02:28:52,8.63  ,pH,-95   ,mV,
06/May/2026,02:29:52,8.63  ,pH,-95   ,mV,
06/May/2026,02:30:52,8.63  ,pH,-95   ,mV,
06/May/2026,02:31:52,8.63  ,pH,-95   ,mV,
06/May/2026,02:32:52,8.62  ,pH,-94   ,mV,
06/May/2026,02:33:52,8.62  ,pH,-94   ,mV,
06/May/2026,02:34:52,8.62  ,pH,-94   ,mV,
06/May/2026,02:35:52,8.62  ,pH,-94   ,mV,
06/May/2026,02:36:52,8.62  ,pH,-94   ,mV,
06/May/2026,02:37:52,8.62  ,pH,-94   ,mV,
06/May/2026,02:38:52,8.62  ,pH,-94   ,mV,
06/May/2026,02:39:52,8.62  ,pH,-94   ,mV,
06/May/2026,02:40:52,8.62  ,pH,-94   ,mV,
06/May/2026,02:41:52,8.62  ,pH,-94   ,mV,
06/May/2026,02:42:52,8.62  ,pH,-94   ,mV,
06/May/2026,02:43:52,8.62  ,pH,-94   ,mV,
06/May/2026,02:44:52,8.62  ,pH,-94   ,mV,
06/May/2026,02:45:52,8.62  ,pH,-94   ,mV,
06/May/2026,02:46:52,8.62  ,pH,-94   ,mV,
06/May/2026,02:47:52,8.62  ,pH,-94   ,mV,
06/May/2026,02:48:52,8.62  ,pH,-94   ,mV,
06/May/2026,02:49:52,8.62  ,pH,-94   ,mV,
06/May/2026,02:50:52,8.62  ,pH,-94   ,mV,
06/May/2026,02:51:52,8.61  ,pH,-94   ,mV,
06/May/2026,02:52:52,8.61  ,pH,-94   ,mV,
06/May/2026,02:53:52,8.61  ,pH,-94   ,mV,
06/May/2026,02:54:52,8.61  ,pH,-94   ,mV,
06/May/2026,02:55:52,8.61  ,pH,-94   ,mV,
06/May/2026,02:56:52,8.61  ,pH,-94   ,mV,
06/May/2026,02:57:52,8.61  ,pH,-94   ,mV,
06/May/2026,02:58:52,8.61  ,pH,-94   ,mV,
06/May/2026,02:59:52,8.61  ,pH,-94   ,mV,
06/May/2026,03:00:52,8.61  ,pH,-94   ,mV,
06/May/2026,03:01:52,8.61  ,pH,-94   ,mV,
06/May/2026,03:02:52,8.61  ,pH,-94   ,mV,
06/May/2026,03:03:52,8.61  ,pH,-93   ,mV,
06/May/2026,03:04:52,8.61  ,pH,-93   ,mV,
06/May/2026,03:05:52,8.61  ,pH,-93   ,mV,
06/May/2026,03:06:52,8.61  ,pH,-93   ,mV,
06/May/2026,03:07:52,8.61  ,pH,-93   ,mV,
06/May/2026,03:08:52,8.61  ,pH,-93   ,mV,
06/May/2026,03:09:52,8.60  ,pH,-93   ,mV,
06/May/2026,03:10:52,8.60  ,pH,-93   ,mV,
06/May/2026,03:11:52,8.60  ,pH,-93   ,mV,
06/May/2026,03:12:52,8.60  ,pH,-93   ,mV,
06/May/2026,03:13:52,8.60  ,pH,-93   ,mV,
06/May/2026,03:14:52,8.60  ,pH,-93   ,mV,
06/May/2026,03:15:52,8.60  ,pH,-93   ,mV,
06/May/2026,03:16:52,8.60  ,pH,-93   ,mV,
06/May/2026,03:17:52,8.60  ,pH,-93   ,mV,
06/May/2026,03:18:52,8.60  ,pH,-93   ,mV,
06/May/2026,03:19:52,8.60  ,pH,-93   ,mV,
06/May/2026,03:20:52,8.60  ,pH,-93   ,mV,
06/May/2026,03:21:52,8.60  ,pH,-93   ,mV,
06/May/2026,03:22:52,8.60  ,pH,-93   ,mV,
06/May/2026,03:23:52,8.60  ,pH,-93   ,mV,
06/May/2026,03:24:52,8.60  ,pH,-93   ,mV,
06/May/2026,03:25:52,8.60  ,pH,-93   ,mV,
06/May/2026,03:26:52,8.60  ,pH,-93   ,mV,
06/May/2026,03:27:52,8.60  ,pH,-93   ,mV,
06/May/2026,03:28:52,8.59  ,pH,-93   ,mV,
06/May/2026,03:29:52,8.59  ,pH,-93   ,mV,
06/May/2026,03:30:52,8.59  ,pH,-93   ,mV,
06/May/2026,03:31:52,8.59  ,pH,-93   ,mV,
06/May/2026,03:32:52,8.59  ,pH,-93   ,mV,
06/May/2026,03:33:52,8.59  ,pH,-93   ,mV,
06/May/2026,03:34:52,8.59  ,pH,-93   ,mV,
06/May/2026,03:35:52,8.59  ,pH,-92   ,mV,
06/May/2026,03:36:52,8.59  ,pH,-92   ,mV,
06/May/2026,03:37:52,8.59  ,pH,-92   ,mV,
06/May/2026,03:38:52,8.59  ,pH,-92   ,mV,
06/May/2026,03:39:52,8.59  ,pH,-92   ,mV,
06/May/2026,03:40:52,8.59  ,pH,-92   ,mV,
06/May/2026,03:41:52,8.59  ,pH,-92   ,mV,
06/May/2026,03:42:52,8.59  ,pH,-92   ,mV,
06/May/2026,03:43:52,8.59  ,pH,-92   ,mV,
06/May/2026,03:44:52,8.59  ,pH,-92   ,mV,
06/May/2026,03:45:52,8.59  ,pH,-92   ,mV,
06/May/2026,03:46:52,8.58  ,pH,-92   ,mV,
06/May/2026,03:47:52,8.58  ,pH,-92   ,mV,
06/May/2026,03:48:52,8.58  ,pH,-92   ,mV,
06/May/2026,03:49:52,8.58  ,pH,-92   ,mV,
06/May/2026,03:50:52,8.58  ,pH,-92   ,mV,
06/May/2026,03:51:52,8.58  ,pH,-92   ,mV,
06/May/2026,03:52:52,8.58  ,pH,-92   ,mV,
06/May/2026,03:53:52,8.58  ,pH,-92   ,mV,
06/May/2026,03:54:52,8.58  ,pH,-92   ,mV,
06/May/2026,03:55:52,8.58  ,pH,-92   ,mV,
06/May/2026,03:56:52,8.58  ,pH,-92   ,mV,
06/May/2026,03:57:52,8.58  ,pH,-92   ,mV,
06/May/2026,03:58:52,8.58  ,pH,-92   ,mV,
06/May/2026,03:59:52,8.58  ,pH,-92   ,mV,
06/May/2026,04:00:52,8.58  ,pH,-92   ,mV,
06/May/2026,04:01:52,8.58  ,pH,-92   ,mV,
06/May/2026,04:02:52,8.58  ,pH,-92   ,mV,
06/May/2026,04:03:52,8.58  ,pH,-92   ,mV,
06/May/2026,04:04:52,8.58  ,pH,-92   ,mV,
06/May/2026,04:05:52,8.57  ,pH,-92   ,mV,
06/May/2026,04:06:52,8.57  ,pH,-92   ,mV,
06/May/2026,04:07:52,8.57  ,pH,-91   ,mV,
06/May/2026,04:08:52,8.57  ,pH,-91   ,mV,
06/May/2026,04:09:52,8.57  ,pH,-91   ,mV,
06/May/2026,04:10:52,8.57  ,pH,-91   ,mV,
06/May/2026,04:11:52,8.57  ,pH,-91   ,mV,
06/May/2026,04:12:52,8.57  ,pH,-91   ,mV,
06/May/2026,04:13:52,8.57  ,pH,-91   ,mV,
06/May/2026,04:14:52,8.57  ,pH,-91   ,mV,
06/May/2026,04:15:52,8.57  ,pH,-91   ,mV,
06/May/2026,04:16:52,8.57  ,pH,-91   ,mV,
06/May/2026,04:17:52,8.57  ,pH,-91   ,mV,
06/May/2026,04:18:52,8.57  ,pH,-91   ,mV,
06/May/2026,04:19:52,8.57  ,pH,-91   ,mV,
06/May/2026,04:20:52,8.57  ,pH,-91   ,mV,
06/May/2026,04:21:52,8.57  ,pH,-91   ,mV,
06/May/2026,04:22:52,8.57  ,pH,-91   ,mV,
06/May/2026,04:23:52,8.57  ,pH,-91   ,mV,
06/May/2026,04:24:52,8.57  ,pH,-91   ,mV,
06/May/2026,04:25:52,8.56  ,pH,-91   ,mV,
06/May/2026,04:26:52,8.56  ,pH,-91   ,mV,
06/May/2026,04:27:52,8.56  ,pH,-91   ,mV,
06/May/2026,04:28:52,8.56  ,pH,-91   ,mV,
06/May/2026,04:29:52,8.56  ,pH,-91   ,mV,
06/May/2026,04:30:52,8.56  ,pH,-91   ,mV,
06/May/2026,04:31:52,8.56  ,pH,-91   ,mV,
06/May/2026,04:32:52,8.56  ,pH,-91   ,mV,
06/May/2026,04:33:52,8.56  ,pH,-91   ,mV,
06/May/2026,04:34:52,8.56  ,pH,-91   ,mV,
06/May/2026,04:35:52,8.56  ,pH,-91   ,mV,
06/May/2026,04:36:52,8.56  ,pH,-91   ,mV,
06/May/2026,04:37:52,8.56  ,pH,-91   ,mV,
06/May/2026,04:38:52,8.56  ,pH,-91   ,mV,
06/May/2026,04:39:52,8.56  ,pH,-91   ,mV,
06/May/2026,04:40:52,8.56  ,pH,-91   ,mV,
06/May/2026,04:41:52,8.56  ,pH,-90   ,mV,
06/May/2026,04:42:52,8.56  ,pH,-90   ,mV,
06/May/2026,04:43:52,8.56  ,pH,-90   ,mV,
06/May/2026,04:44:52,8.56  ,pH,-90   ,mV,
06/May/2026,04:45:52,8.55  ,pH,-90   ,mV,
06/May/2026,04:46:52,8.55  ,pH,-90   ,mV,
06/May/2026,04:47:52,8.55  ,pH,-90   ,mV,
06/May/2026,04:48:52,8.55  ,pH,-90   ,mV,
06/May/2026,04:49:52,8.55  ,pH,-90   ,mV,
06/May/2026,04:50:52,8.55  ,pH,-90   ,mV,
06/May/2026,04:51:52,8.55  ,pH,-90   ,mV,
06/May/2026,04:52:52,8.55  ,pH,-90   ,mV,
06/May/2026,04:53:52,8.55  ,pH,-90   ,mV,
06/May/2026,04:54:52,8.55  ,pH,-90   ,mV,
06/May/2026,04:55:52,8.55  ,pH,-90   ,mV,
06/May/2026,04:56:52,8.55  ,pH,-90   ,mV,
06/May/2026,04:57:52,8.55  ,pH,-90   ,mV,
06/May/2026,04:58:52,8.55  ,pH,-90   ,mV,
06/May/2026,04:59:52,8.55  ,pH,-90   ,mV,
06/May/2026,05:00:52,8.55  ,pH,-90   ,mV,
06/May/2026,05:01:52,8.55  ,pH,-90   ,mV,
06/May/2026,05:02:52,8.55  ,pH,-90   ,mV,
06/May/2026,05:03:52,8.55  ,pH,-90   ,mV,
06/May/2026,05:04:52,8.55  ,pH,-90   ,mV,
06/May/2026,05:05:52,8.54  ,pH,-90   ,mV,
06/May/2026,05:06:52,8.54  ,pH,-90   ,mV,
06/May/2026,05:07:52,8.54  ,pH,-90   ,mV,
06/May/2026,05:08:52,8.54  ,pH,-90   ,mV,
06/May/2026,05:09:52,8.54  ,pH,-90   ,mV,
06/May/2026,05:10:52,8.54  ,pH,-90   ,mV,
06/May/2026,05:11:52,8.54  ,pH,-90   ,mV,
06/May/2026,05:12:52,8.54  ,pH,-90   ,mV,
06/May/2026,05:13:52,8.54  ,pH,-90   ,mV,
06/May/2026,05:14:52,8.54  ,pH,-89   ,mV,
06/May/2026,05:15:52,8.54  ,pH,-89   ,mV,
06/May/2026,05:16:52,8.54  ,pH,-89   ,mV,
06/May/2026,05:17:52,8.54  ,pH,-89   ,mV,
06/May/2026,05:18:52,8.54  ,pH,-89   ,mV,
06/May/2026,05:19:52,8.54  ,pH,-89   ,mV,
06/May/2026,05:20:52,8.54  ,pH,-89   ,mV,
06/May/2026,05:21:52,8.54  ,pH,-89   ,mV,
06/May/2026,05:22:52,8.54  ,pH,-89   ,mV,
06/May/2026,05:23:52,8.54  ,pH,-89   ,mV,
06/May/2026,05:24:52,8.54  ,pH,-89   ,mV,
06/May/2026,05:25:52,8.53  ,pH,-89   ,mV,
06/May/2026,05:26:52,8.53  ,pH,-89   ,mV,
06/May/2026,05:27:52,8.53  ,pH,-89   ,mV,
06/May/2026,05:28:52,8.53  ,pH,-89   ,mV,
06/May/2026,05:29:52,8.53  ,pH,-89   ,mV,
06/May/2026,05:30:52,8.53  ,pH,-89   ,mV,
06/May/2026,05:31:52,8.53  ,pH,-89   ,mV,
06/May/2026,05:32:52,8.53  ,pH,-89   ,mV,
06/May/2026,05:33:52,8.53  ,pH,-89   ,mV,
06/May/2026,05:34:52,8.53  ,pH,-89   ,mV,
06/May/2026,05:35:52,8.53  ,pH,-89   ,mV,
06/May/2026,05:36:52,8.53  ,pH,-89   ,mV,
06/May/2026,05:37:52,8.53  ,pH,-89   ,mV,
06/May/2026,05:38:52,8.53  ,pH,-89   ,mV,
06/May/2026,05:39:52,8.53  ,pH,-89   ,mV,
06/May/2026,05:40:52,8.53  ,pH,-89   ,mV,
06/May/2026,05:41:52,8.53  ,pH,-89   ,mV,
06/May/2026,05:42:52,8.53  ,pH,-89   ,mV,
06/May/2026,05:43:52,8.53  ,pH,-89   ,mV,
06/May/2026,05:44:52,8.53  ,pH,-89   ,mV,
06/May/2026,05:45:52,8.52  ,pH,-89   ,mV,
06/May/2026,05:46:52,8.52  ,pH,-89   ,mV,
06/May/2026,05:47:52,8.52  ,pH,-89   ,mV,
06/May/2026,05:48:52,8.52  ,pH,-89   ,mV,
06/May/2026,05:49:52,8.52  ,pH,-89   ,mV,
06/May/2026,05:50:52,8.52  ,pH,-88   ,mV,
06/May/2026,05:51:52,8.52  ,pH,-88   ,mV,
06/May/2026,05:52:52,8.52  ,pH,-88   ,mV,
06/May/2026,05:53:52,8.52  ,pH,-88   ,mV,
06/May/2026,05:54:52,8.52  ,pH,-88   ,mV,
06/May/2026,05:55:52,8.52  ,pH,-88   ,mV,
06/May/2026,05:56:52,8.52  ,pH,-88   ,mV,
06/May/2026,05:57:52,8.52  ,pH,-88   ,mV,
06/May/2026,05:58:52,8.52  ,pH,-88   ,mV,
06/May/2026,05:59:52,8.52  ,pH,-88   ,mV,
06/May/2026,06:00:52,8.52  ,pH,-88   ,mV,
06/May/2026,06:01:52,8.52  ,pH,-88   ,mV,
06/May/2026,06:02:52,8.52  ,pH,-88   ,mV,
06/May/2026,06:03:52,8.52  ,pH,-88   ,mV,
06/May/2026,06:04:52,8.52  ,pH,-88   ,mV,
06/May/2026,06:05:52,8.52  ,pH,-88   ,mV,
06/May/2026,06:06:52,8.52  ,pH,-88   ,mV,
06/May/2026,06:07:52,8.52  ,pH,-88   ,mV,
06/May/2026,06:08:52,8.51  ,pH,-88   ,mV,
06/May/2026,06:09:52,8.51  ,pH,-88   ,mV,
06/May/2026,06:10:52,8.51  ,pH,-88   ,mV,
06/May/2026,06:11:52,8.51  ,pH,-88   ,mV,
06/May/2026,06:12:52,8.51  ,pH,-88   ,mV,
06/May/2026,06:13:52,8.51  ,pH,-88   ,mV,
06/May/2026,06:14:52,8.51  ,pH,-88   ,mV,
06/May/2026,06:15:52,8.51  ,pH,-88   ,mV,
06/May/2026,06:16:52,8.51  ,pH,-88   ,mV,
06/May/2026,06:17:52,8.51  ,pH,-88   ,mV,
06/May/2026,06:18:52,8.51  ,pH,-88   ,mV,
06/May/2026,06:19:52,8.51  ,pH,-88   ,mV,
06/May/2026,06:20:52,8.51  ,pH,-88   ,mV,
06/May/2026,06:21:52,8.51  ,pH,-88   ,mV,
06/May/2026,06:22:52,8.51  ,pH,-88   ,mV,
06/May/2026,06:23:52,8.51  ,pH,-88   ,mV,
06/May/2026,06:24:52,8.51  ,pH,-88   ,mV,
06/May/2026,06:25:52,8.51  ,pH,-88   ,mV,
06/May/2026,06:26:52,8.51  ,pH,-88   ,mV,
06/May/2026,06:27:52,8.51  ,pH,-88   ,mV,
06/May/2026,06:28:52,8.51  ,pH,-88   ,mV,
06/May/2026,06:29:52,8.51  ,pH,-87   ,mV,
06/May/2026,06:30:52,8.51  ,pH,-87   ,mV,
06/May/2026,06:31:52,8.50  ,pH,-87   ,mV,
06/May/2026,06:32:52,8.50  ,pH,-87   ,mV,
06/May/2026,06:33:52,8.50  ,pH,-87   ,mV,
06/May/2026,06:34:52,8.50  ,pH,-87   ,mV,
06/May/2026,06:35:52,8.50  ,pH,-87   ,mV,
06/May/2026,06:36:52,8.50  ,pH,-87   ,mV,
06/May/2026,06:37:52,8.50  ,pH,-87   ,mV,
06/May/2026,06:38:52,8.50  ,pH,-87   ,mV,
06/May/2026,06:39:52,8.50  ,pH,-87   ,mV,
06/May/2026,06:40:52,8.50  ,pH,-87   ,mV,
06/May/2026,06:41:52,8.50  ,pH,-87   ,mV,
06/May/2026,06:42:52,8.50  ,pH,-87   ,mV,
06/May/2026,06:43:52,8.50  ,pH,-87   ,mV,
06/May/2026,06:44:52,8.50  ,pH,-87   ,mV,
06/May/2026,06:45:52,8.50  ,pH,-87   ,mV,
06/May/2026,06:46:52,8.50  ,pH,-87   ,mV,
06/May/2026,06:47:52,8.50  ,pH,-87   ,mV,
06/May/2026,06:48:52,8.50  ,pH,-87   ,mV,
06/May/2026,06:49:52,8.50  ,pH,-87   ,mV,
06/May/2026,06:50:52,8.50  ,pH,-87   ,mV,
06/May/2026,06:51:52,8.50  ,pH,-87   ,mV,
06/May/2026,06:52:52,8.50  ,pH,-87   ,mV,
06/May/2026,06:53:52,8.49  ,pH,-87   ,mV,
06/May/2026,06:54:52,8.49  ,pH,-87   ,mV,
06/May/2026,06:55:52,8.49  ,pH,-87   ,mV,
06/May/2026,06:56:52,8.49  ,pH,-87   ,mV,
06/May/2026,06:57:52,8.49  ,pH,-87   ,mV,
06/May/2026,06:58:52,8.49  ,pH,-87   ,mV,
06/May/2026,06:59:52,8.49  ,pH,-87   ,mV,
06/May/2026,07:00:52,8.49  ,pH,-87   ,mV,
06/May/2026,07:01:52,8.49  ,pH,-87   ,mV,
06/May/2026,07:02:52,8.49  ,pH,-87   ,mV,
06/May/2026,07:03:52,8.49  ,pH,-87   ,mV,
06/May/2026,07:04:52,8.49  ,pH,-87   ,mV,
06/May/2026,07:05:52,8.49  ,pH,-87   ,mV,
06/May/2026,07:06:52,8.49  ,pH,-87   ,mV,
06/May/2026,07:07:52,8.49  ,pH,-86   ,mV,
06/May/2026,07:08:52,8.49  ,pH,-86   ,mV,
06/May/2026,07:09:52,8.49  ,pH,-86   ,mV,
06/May/2026,07:10:52,8.49  ,pH,-86   ,mV,
06/May/2026,07:11:52,8.49  ,pH,-86   ,mV,
06/May/2026,07:12:52,8.49  ,pH,-86   ,mV,
06/May/2026,07:13:52,8.49  ,pH,-86   ,mV,
06/May/2026,07:14:52,8.49  ,pH,-86   ,mV,
06/May/2026,07:15:52,8.48  ,pH,-86   ,mV,
06/May/2026,07:16:52,8.48  ,pH,-86   ,mV,
06/May/2026,07:17:52,8.48  ,pH,-86   ,mV,
06/May/2026,07:18:52,8.48  ,pH,-86   ,mV,
06/May/2026,07:19:52,8.48  ,pH,-86   ,mV,
06/May/2026,07:20:52,8.48  ,pH,-86   ,mV,
06/May/2026,07:21:52,8.48  ,pH,-86   ,mV,
06/May/2026,07:22:52,8.48  ,pH,-86   ,mV,
06/May/2026,07:23:52,8.48  ,pH,-86   ,mV,
06/May/2026,07:24:52,8.48  ,pH,-86   ,mV,
06/May/2026,07:25:52,8.48  ,pH,-86   ,mV,
06/May/2026,07:26:52,8.48  ,pH,-86   ,mV,
06/May/2026,07:27:52,8.48  ,pH,-86   ,mV,
06/May/2026,07:28:52,8.48  ,pH,-86   ,mV,
06/May/2026,07:29:52,8.48  ,pH,-86   ,mV,
06/May/2026,07:30:52,8.48  ,pH,-86   ,mV,
06/May/2026,07:31:52,8.48  ,pH,-86   ,mV,
06/May/2026,07:32:52,8.48  ,pH,-86   ,mV,
06/May/2026,07:33:52,8.48  ,pH,-86   ,mV,
06/May/2026,07:34:52,8.48  ,pH,-86   ,mV,
06/May/2026,07:35:52,8.48  ,pH,-86   ,mV,
06/May/2026,07:36:52,8.48  ,pH,-86   ,mV,
06/May/2026,07:37:52,8.48  ,pH,-86   ,mV,
06/May/2026,07:38:52,8.47  ,pH,-86   ,mV,
06/May/2026,07:39:52,8.47  ,pH,-86   ,mV,
